pk_id_srf_cases_links,version,date_from,date_to,id,"link","link_name"
0,1,,,,,
1,1,1900-01-01 00:00:00,2200-01-01 00:00:00,1,"https://www.harvestplus.org/sites/default/files/publications/153613_HarvestPlus_AR_2018_Proof.pdf","Link1"
2,1,1900-01-01 00:00:00,2200-01-01 00:00:00,2,"https://digitalarchive.worldfishcenter.org/handle/20.500.12348/3328","Link1"
3,1,1900-01-01 00:00:00,2200-01-01 00:00:00,3,"https://digitalarchive.worldfishcenter.org/handle/20.500.12348/3334","Link2"
4,1,1900-01-01 00:00:00,2200-01-01 00:00:00,4,"https://digitalarchive.worldfishcenter.org/handle/20.500.12348/3321","Link3"
5,1,1900-01-01 00:00:00,2200-01-01 00:00:00,5,"https://digitalarchive.worldfishcenter.org/handle/20.500.12348/3331","Link4"
6,1,1900-01-01 00:00:00,2200-01-01 00:00:00,6,"https://digitalarchive.worldfishcenter.org/handle/20.500.12348/3337","Link5"
7,1,1900-01-01 00:00:00,2200-01-01 00:00:00,7,"https://digitalarchive.worldfishcenter.org/handle/20.500.12348/3318","Link6"
8,1,1900-01-01 00:00:00,2200-01-01 00:00:00,8,"https://digitalarchive.worldfishcenter.org/handle/20.500.12348/3319","Link7"
9,1,1900-01-01 00:00:00,2200-01-01 00:00:00,9,"https://www.harvestplus.org/sites/default/files/Biofortification_%20Evidence_Aug2018.pdf","Link1"
10,1,1900-01-01 00:00:00,2200-01-01 00:00:00,10,"https://www.dropbox.com/s/mpzhh5qrcc43e6m/2018%20Table%201_GHRPM_Methodology.docx?dl=0","Link1"
11,1,1900-01-01 00:00:00,2200-01-01 00:00:00,11,"https://www.dropbox.com/s/6dpmik5w62jxpq3/2018%20Table%201_HH_Reached_Methodology.docx?dl=0","Link2"
12,1,1900-01-01 00:00:00,2200-01-01 00:00:00,12,"https://www.dropbox.com/sh/dvhx3r9585w4gpy/AAAWfaubXo7pwg55QJIK53J5a?dl=0","Link1"
13,1,1900-01-01 00:00:00,2200-01-01 00:00:00,13,"https://www.dropbox.com/sh/0m8r1amlo5ye9of/AABaLHoX3YLAOXRkZ0bgl7Tva?dl=0","Link2"
14,1,1900-01-01 00:00:00,2200-01-01 00:00:00,14,"https://mel.cgiar.org/projects/-15/127/adoption-estimates-of-improved-cassava-varieties-in-nine-countries-in-south-and-southeast-asia-indicate-that-27-million-hectares-are-grown-using-ciat-related-varieties","Link1"
15,1,1900-01-01 00:00:00,2200-01-01 00:00:00,15,"https://cgspace.cgiar.org/handle/10568/97927","Link1"
16,1,1900-01-01 00:00:00,2200-01-01 00:00:00,16,"https://iwaponline.com/wp/article-abstract/20/4/692/39066/Improved-water-management-practices-and-their?redirectedFrom=fulltext","Link1"
17,1,1900-01-01 00:00:00,2200-01-01 00:00:00,17,"https://iwaponline.com/wp/article-abstract/20/4/692/39066/Improved-water-management-practices-and-their?redirectedFrom=fulltext","Link1"
18,1,1900-01-01 00:00:00,2200-01-01 00:00:00,18,"http://oar.icrisat.org/10626/","Link1"
19,1,1900-01-01 00:00:00,2200-01-01 00:00:00,19,"https://onlinelibrary.wiley.com/doi/full/10.1111/1477-9552.12221","Link1"
20,1,1900-01-01 00:00:00,2200-01-01 00:00:00,20,"https://link.springer.com/article/10.1007%2Fs12571-017-0759-y","Link1"
21,1,1900-01-01 00:00:00,2200-01-01 00:00:00,21,"https://repository.cimmyt.org/bitstream/handle/10883/19532/59614.pdf?sequence=1&isAllowed=y","Link1"
22,1,1900-01-01 00:00:00,2200-01-01 00:00:00,22,"https://digitalarchive.worldfishcenter.org/handle/20.500.12348/3314","Link1"
23,1,1900-01-01 00:00:00,2200-01-01 00:00:00,23,"https://digitalarchive.worldfishcenter.org/handle/20.500.12348/3314","Link1"
24,1,1900-01-01 00:00:00,2200-01-01 00:00:00,24,"http://oar.icrisat.org/10626/","Link1"
25,1,1900-01-01 00:00:00,2200-01-01 00:00:00,25,"https://www.cgiar.org/happy-solution-clean-air-climate-smart-agriculture-india/","Link1"
26,1,1900-01-01 00:00:00,2200-01-01 00:00:00,26,"https://csisa.org/wp-content/uploads/sites/2/2018/01/CSISA-III-BD-NP-USAID-annual-report_2017_for-DEC.pdf","Link1"
27,1,1900-01-01 00:00:00,2200-01-01 00:00:00,27,"https://www.ncbi.nlm.nih.gov/pmc/articles/PMC4915736/","Link1"
28,1,1900-01-01 00:00:00,2200-01-01 00:00:00,28,"https://agresults.org/","Link2"
29,1,1900-01-01 00:00:00,2200-01-01 00:00:00,29,"https://www.worldfishcenter.org/pubs/Ecofish-Midterm-Performance-Evaluation-Report.pdf","Link1"
30,1,1900-01-01 00:00:00,2200-01-01 00:00:00,30,"https://www.sciencedirect.com/science/article/abs/pii/S2211912416300700","Link1"
31,1,1900-01-01 00:00:00,2200-01-01 00:00:00,31,"https://www.researchgate.net/publication/318895868_Measuring_the_impacts_of_adaptation_strategies_to_drought_stress_The_case_of_drought_tolerant_maize_varieties","Link1"
32,1,1900-01-01 00:00:00,2200-01-01 00:00:00,32,"https://www.researchgate.net/publication/319536834_Impact_of_adoption_of_drought-tolerant_maize_varieties_on_total_maize_production_in_south_Eastern_Zimbabwe","Link2"
33,1,1900-01-01 00:00:00,2200-01-01 00:00:00,33,"https://ispc.cgiar.org/sites/default/files/pdf/ispc_brief_63_lentils_0.pdf","Link1"
34,1,1900-01-01 00:00:00,2200-01-01 00:00:00,34,"https://cgspace.cgiar.org/handle/10568/83497","Link1"
35,1,1900-01-01 00:00:00,2200-01-01 00:00:00,35,"https://cgspace.cgiar.org/handle/10568/80706","Link1"
36,1,1900-01-01 00:00:00,2200-01-01 00:00:00,36,"http://old.worldagroforestry.org/downloads/Publications/PDFS/WP18033.pdf","Link1"
37,1,1900-01-01 00:00:00,2200-01-01 00:00:00,37,"https://ispc.cgiar.org/sites/default/files/pdf/ispc_technicalnote_cgiar_research_innovations_0.pdf","Link1"
38,1,1900-01-01 00:00:00,2200-01-01 00:00:00,38,"https://www.researchgate.net/publication/289501179_Technological_Advances_that_Led_to_Growth_of_Shrimp_Salmon_and_Tilapia_Farming","Link2"
39,1,1900-01-01 00:00:00,2200-01-01 00:00:00,39,"https://onlinelibrary.wiley.com/doi/abs/10.1111/agec.12358","Link1"
40,1,1900-01-01 00:00:00,2200-01-01 00:00:00,40,"https://onlinelibrary.wiley.com/doi/abs/10.1111/agec.12358","Link2"
41,1,1900-01-01 00:00:00,2200-01-01 00:00:00,41,"https://www.sciencedirect.com/science/article/abs/pii/S2211912416300700","Link1"
42,1,1900-01-01 00:00:00,2200-01-01 00:00:00,42,"https://cgspace.cgiar.org/handle/10568/80706","Link1"
43,1,1900-01-01 00:00:00,2200-01-01 00:00:00,43,"https://www.researchgate.net/publication/313231968_Livelihood_implications_of_in_situ-on_farm_conservation_strategies_of_fruit_species_in_Uzbekistan","Link1"
44,1,1900-01-01 00:00:00,2200-01-01 00:00:00,44,"https://www.researchgate.net/publication/315715301_Contribution_of_improved_rice_varieties_to_poverty_reduction_and_food_security_in_sub-Saharan_Africa","Link1"
45,1,1900-01-01 00:00:00,2200-01-01 00:00:00,45,"https://cgspace.cgiar.org/handle/10568/80706","Link1"
46,1,1900-01-01 00:00:00,2200-01-01 00:00:00,46,"http://old.worldagroforestry.org/downloads/Publications/PDFS/WP18033.pdf","Link1"
47,1,1900-01-01 00:00:00,2200-01-01 00:00:00,47,"https://link.springer.com/article/10.1007%2Fs12571-017-0759-y","Link1"
48,1,1900-01-01 00:00:00,2200-01-01 00:00:00,48,"https://link.springer.com/article/10.1007%2Fs12571-018-0772-9","Link2"
49,1,1900-01-01 00:00:00,2200-01-01 00:00:00,49,"https://cgspace.cgiar.org/handle/10568/97694","Link1"
50,1,1900-01-01 00:00:00,2200-01-01 00:00:00,50,"https://cgspace.cgiar.org/handle/10568/98395","Link1"
51,1,1900-01-01 00:00:00,2200-01-01 00:00:00,51,"https://dl.sciencesocieties.org/publications/cs/abstracts/58/5/1890","Link1"
52,1,1900-01-01 00:00:00,2200-01-01 00:00:00,52,"https://dl.sciencesocieties.org/publications/cs/abstracts/57/2/812","Link1"
53,1,1900-01-01 00:00:00,2200-01-01 00:00:00,53,"https://ispc.cgiar.org/sites/default/files/events/ricardo_labarta_ciat-msu-uniandes-corpoica_brachiaria_colombia_0.pdf","Link1"
54,1,1900-01-01 00:00:00,2200-01-01 00:00:00,57,"https://www.dropbox.com/s/mpzhh5qrcc43e6m/2018%20Table%201_GHRPM_Methodology.docx?dl=0","Link 1"
55,1,1900-01-01 00:00:00,2200-01-01 00:00:00,58,"https://www.dropbox.com/scl/fi/be1o7dv5m9ckoyuy58dfu/INV-009087_2020_IITA_Progress0-Narrative_revised0704.docx?dl=0&rlkey=a6dnqlncxdak3y7yaw0apculz","Link 1"
56,1,1900-01-01 00:00:00,2200-01-01 00:00:00,59,"https://www.dropbox.com/s/mpzhh5qrcc43e6m/2018%20Table%201_GHRPM_Methodology.docx?dl=0","Link 1"
57,1,1900-01-01 00:00:00,2200-01-01 00:00:00,60,"https://www.harvestplus.org/sites/default/files/HarvestPlus%202019%20Annual%20Report.pdf","Link 2"
58,1,1900-01-01 00:00:00,2200-01-01 00:00:00,61,"https://cgspace.cgiar.org/bitstream/handle/10568/68144/CCAFS_Senegal_Climate-services.pdf?sequence=1&amp;isAllowed=y","Link 1"
59,1,1900-01-01 00:00:00,2200-01-01 00:00:00,62,"https://cgspace.cgiar.org/handle/10568/108054","Link 2"
60,1,1900-01-01 00:00:00,2200-01-01 00:00:00,63,"https://marlo.cgiar.org/projects/CCAFS/studySummary.do?studyID=3313&cycle=Reporting&year=2019","Link 3"
61,1,1900-01-01 00:00:00,2200-01-01 00:00:00,64,"https://cgspace.cgiar.org/handle/10568/108052","Link 1"
62,1,1900-01-01 00:00:00,2200-01-01 00:00:00,65,"https://marlo.cgiar.org/projects/CCAFS/studySummary.do?studyID=121&cycle=Reporting&year=2018","Link 2"
63,1,1900-01-01 00:00:00,2200-01-01 00:00:00,66,"https://marlo.cgiar.org/projects/CCAFS/studySummary.do?studyID=3105&cycle=Reporting&year=2019","Link 3"
64,1,1900-01-01 00:00:00,2200-01-01 00:00:00,67,"https://cgspace.cgiar.org/bitstream/handle/10568/107255/WP%20MTA%20Outcomes.pdf?sequence=1&isAllowed=y","Link 4"
65,1,1900-01-01 00:00:00,2200-01-01 00:00:00,68,"https://marlo.cgiar.org/projects/CCAFS/studySummary.do?studyID=3086&cycle=Reporting&year=2019","Link 1"
66,1,1900-01-01 00:00:00,2200-01-01 00:00:00,69,"http://farmech.dac.gov.in/revised/1.1.2019/REPORT%20OF%20THE%20COMMITTEE-FINAL(CORRECTED).pdf","Link 1"
67,1,1900-01-01 00:00:00,2200-01-01 00:00:00,70,"https://science.sciencemag.org/content/365/6453/536","Link 2"
68,1,1900-01-01 00:00:00,2200-01-01 00:00:00,71,"https://hdl.handle.net/20.500.12348/4138","Link 1"
69,1,1900-01-01 00:00:00,2200-01-01 00:00:00,72,"https://hdl.handle.net/20.500.12348/4128","Link 2"
70,1,1900-01-01 00:00:00,2200-01-01 00:00:00,73,"https://hdl.handle.net/20.500.12348/4035","Link 1"
71,1,1900-01-01 00:00:00,2200-01-01 00:00:00,74,"https://hdl.handle.net/20.500.12348/4124","Link 2"
72,1,1900-01-01 00:00:00,2200-01-01 00:00:00,75,"https://hdl.handle.net/20.500.11766.1/fd1647","Link 3"
73,1,1900-01-01 00:00:00,2200-01-01 00:00:00,76,"https://hdl.handle.net/20.500.12348/4026","Link 1"
74,1,1900-01-01 00:00:00,2200-01-01 00:00:00,77,"https://hdl.handle.net/20.500.12348/4139","Link 2"
75,1,1900-01-01 00:00:00,2200-01-01 00:00:00,78,"https://cgiar.sharepoint.com/:w:/s/FISHOperations/EQDTIXiUKRRErSBh-KTiJK0BotBx91ZaqOgy2tzGL3wMRg?e=vFt8mC","Link 1"
76,1,1900-01-01 00:00:00,2200-01-01 00:00:00,79,"https://hdl.handle.net/20.500.12348/3954","Link 2"
77,1,1900-01-01 00:00:00,2200-01-01 00:00:00,80,"https://hdl.handle.net/20.500.12348/4138","Link 1"
78,1,1900-01-01 00:00:00,2200-01-01 00:00:00,81,"https://hdl.handle.net/20.500.12348/4128","Link 2"
79,1,1900-01-01 00:00:00,2200-01-01 00:00:00,82,"https://hdl.handle.net/20.500.11766.1/feb9ec","Link 3"
80,1,1900-01-01 00:00:00,2200-01-01 00:00:00,83,"https://cgiar.sharepoint.com/:w:/s/FISHOperations/EQDTIXiUKRRErSBh-KTiJK0BotBx91ZaqOgy2tzGL3wMRg?e=vFt8mC","Link 1"
81,1,1900-01-01 00:00:00,2200-01-01 00:00:00,84,"https://hdl.handle.net/20.500.12348/4026 ","Link 1"
82,1,1900-01-01 00:00:00,2200-01-01 00:00:00,85,"https://hdl.handle.net/20.500.12348/4139","Link 2"
83,1,1900-01-01 00:00:00,2200-01-01 00:00:00,86,"https://hdl.handle.net/20.500.11766.1/0a3ce7","Link 3"
84,1,1900-01-01 00:00:00,2200-01-01 00:00:00,87,"https://hdl.handle.net/20.500.11766.1/6cf5b6","Link 4"
85,1,1900-01-01 00:00:00,2200-01-01 00:00:00,88,"https://hdl.handle.net/20.500.12348/3993","Link 1"
86,1,1900-01-01 00:00:00,2200-01-01 00:00:00,89,"https://hdl.handle.net/20.500.12348/4117","Link 2"
87,1,1900-01-01 00:00:00,2200-01-01 00:00:00,90,"https://hdl.handle.net/20.500.11766.1/35fae9","Link 3"
88,1,1900-01-01 00:00:00,2200-01-01 00:00:00,91,"https://hdl.handle.net/20.500.12348/3945","Link 1"
89,1,1900-01-01 00:00:00,2200-01-01 00:00:00,92,"https://hdl.handle.net/20.500.12348/4125","Link 2"
90,1,1900-01-01 00:00:00,2200-01-01 00:00:00,93,"https://hdl.handle.net/20.500.11766.1/8cbe17","Link 3"
91,1,1900-01-01 00:00:00,2200-01-01 00:00:00,94,"https://hdl.handle.net/20.500.12348/4094","Link 4"
92,1,1900-01-01 00:00:00,2200-01-01 00:00:00,95,"https://hdl.handle.net/20.500.12348/4129","Link 5"
93,1,1900-01-01 00:00:00,2200-01-01 00:00:00,96,"https://hdl.handle.net/20.500.12348/3954","Link 1"
94,1,1900-01-01 00:00:00,2200-01-01 00:00:00,97,"https://hdl.handle.net/20.500.12348/3952","Link 1"
95,1,1900-01-01 00:00:00,2200-01-01 00:00:00,98,"https://hdl.handle.net/20.500.12348/4094","Link 1"
96,1,1900-01-01 00:00:00,2200-01-01 00:00:00,99,"https://hdl.handle.net/20.500.12348/4129","Link 2"
97,1,1900-01-01 00:00:00,2200-01-01 00:00:00,100,"https://hdl.handle.net/20.500.11766.1/63409f","Link 3"
98,1,1900-01-01 00:00:00,2200-01-01 00:00:00,101,"https://hdl.handle.net/20.500.12348/103","Link 4"
99,1,1900-01-01 00:00:00,2200-01-01 00:00:00,102,"https://hdl.handle.net/20.500.12348/4035","Link 1"
100,1,1900-01-01 00:00:00,2200-01-01 00:00:00,103,"https://hdl.handle.net/20.500.12348/4138","Link 1"
101,1,1900-01-01 00:00:00,2200-01-01 00:00:00,104,"https://hdl.handle.net/20.500.12348/4128","Link 2"
102,1,1900-01-01 00:00:00,2200-01-01 00:00:00,105,"https://hdl.handle.net/20.500.11766.1/feb9ec","Link 3"
103,1,1900-01-01 00:00:00,2200-01-01 00:00:00,106,"https://hdl.handle.net/20.500.12348/533","Link 4"
104,1,1900-01-01 00:00:00,2200-01-01 00:00:00,107,"https://hdl.handle.net/20.500.12348/546","Link 5"
105,1,1900-01-01 00:00:00,2200-01-01 00:00:00,108,"https://cgiar.sharepoint.com/:w:/s/FISHOperations/EQDTIXiUKRRErSBh-KTiJK0BotBx91ZaqOgy2tzGL3wMRg?e=vFt8mC","Link 1"
106,1,1900-01-01 00:00:00,2200-01-01 00:00:00,109,"https://hdl.handle.net/20.500.12348/546","Link 2"
107,1,1900-01-01 00:00:00,2200-01-01 00:00:00,110,"https://hdl.handle.net/20.500.12348/3945","Link 1"
108,1,1900-01-01 00:00:00,2200-01-01 00:00:00,111,"https://hdl.handle.net/20.500.12348/4125","Link 2"
109,1,1900-01-01 00:00:00,2200-01-01 00:00:00,112,"https://hdl.handle.net/20.500.11766.1/8cbe17","Link 3"
110,1,1900-01-01 00:00:00,2200-01-01 00:00:00,113,"https://hdl.handle.net/20.500.12348/3993","Link 1"
111,1,1900-01-01 00:00:00,2200-01-01 00:00:00,114,"https://hdl.handle.net/20.500.12348/4117","Link 2"
112,1,1900-01-01 00:00:00,2200-01-01 00:00:00,115,"https://hdl.handle.net/20.500.11766.1/35fae9","Link 3"
113,1,1900-01-01 00:00:00,2200-01-01 00:00:00,116,"https://hdl.handle.net/20.500.12348/3954 ","Link 1"
114,1,1900-01-01 00:00:00,2200-01-01 00:00:00,117,"https://hdl.handle.net/20.500.12348/140","Link 2"
115,1,1900-01-01 00:00:00,2200-01-01 00:00:00,118,"https://hdl.handle.net/20.500.12348/715 ","Link 3"
116,1,1900-01-01 00:00:00,2200-01-01 00:00:00,119,"https://hdl.handle.net/20.500.12348/3954","Link 1"
117,1,1900-01-01 00:00:00,2200-01-01 00:00:00,120,"https://hdl.handle.net/20.500.12348/140","Link 2"
118,1,1900-01-01 00:00:00,2200-01-01 00:00:00,121,"https://hdl.handle.net/20.500.12348/715","Link 3"
119,1,1900-01-01 00:00:00,2200-01-01 00:00:00,122,"https://hdl.handle.net/20.500.12348/4026","Link 1"
120,1,1900-01-01 00:00:00,2200-01-01 00:00:00,123,"https://hdl.handle.net/20.500.12348/4026","Link 2"
121,1,1900-01-01 00:00:00,2200-01-01 00:00:00,124,"https://hdl.handle.net/20.500.11766.1/9fef77","Link 3"
122,1,1900-01-01 00:00:00,2200-01-01 00:00:00,125,"https://hdl.handle.net/20.500.12348/4035","Link 1"
123,1,1900-01-01 00:00:00,2200-01-01 00:00:00,126,"https://hdl.handle.net/20.500.12348/4124","Link 2"
124,1,1900-01-01 00:00:00,2200-01-01 00:00:00,127,"https://hdl.handle.net/20.500.12348/715","Link 3"
125,1,1900-01-01 00:00:00,2200-01-01 00:00:00,128,"https://hdl.handle.net/20.500.12348/4138","Link 1"
126,1,1900-01-01 00:00:00,2200-01-01 00:00:00,129,"https://hdl.handle.net/20.500.12348/4128","Link 2"
127,1,1900-01-01 00:00:00,2200-01-01 00:00:00,130,"https://hdl.handle.net/20.500.12348/715","Link 3"
128,1,1900-01-01 00:00:00,2200-01-01 00:00:00,131,"https://hdl.handle.net/20.500.12348/4094","Link 4"
129,1,1900-01-01 00:00:00,2200-01-01 00:00:00,132,"https://hdl.handle.net/20.500.12348/4129","Link 5"
130,1,1900-01-01 00:00:00,2200-01-01 00:00:00,133,"https://hdl.handle.net/20.500.12348/3633","Link 6"
131,1,1900-01-01 00:00:00,2200-01-01 00:00:00,134,"https://hdl.handle.net/20.500.12348/3952","Link 1"
132,1,1900-01-01 00:00:00,2200-01-01 00:00:00,135,"https://hdl.handle.net/20.500.12348/1885","Link 2"
133,1,1900-01-01 00:00:00,2200-01-01 00:00:00,136,"https://hdl.handle.net/20.500.12348/3954","Link 1"
134,1,1900-01-01 00:00:00,2200-01-01 00:00:00,137,"https://www.ecologyandsociety.org/vol24/iss1/art1/","Link 1"
135,1,1900-01-01 00:00:00,2200-01-01 00:00:00,138,"http://www.adansonia-consulting.ch/document/restoration_of_degraded_land.pdf","Link 1"
136,1,1900-01-01 00:00:00,2200-01-01 00:00:00,139,"https://doi.org/10.1016/j.worlddev.2019.104835","Link 1"
137,1,1900-01-01 00:00:00,2200-01-01 00:00:00,140,"https://www.dropbox.com/s/n2zf9f7b1ukkzz8/regreening%20year%202_AnnualReport_EXTERNAL_EMAIL.pdf?dl=","Link 1"
138,1,1900-01-01 00:00:00,2200-01-01 00:00:00,141,"http://apps.worldagroforestry.org/sites/default/files/outputs/Muthuri%20et%20al,%202019.%20T4FS-2%20project%20Overview%20and%20Project%20magazine.pdf","Link 1"
139,1,1900-01-01 00:00:00,2200-01-01 00:00:00,142,"https://www.dropbox.com/s/gr79maco6iveizh/DryDev%20End%20PRogramme%20report2020123.docx?dl=0","Link 1"
140,1,1900-01-01 00:00:00,2200-01-01 00:00:00,143,"https://www.dropbox.com/s/cdypml5za3y6qkn/2018-19","Link 1"
141,1,1900-01-01 00:00:00,2200-01-01 00:00:00,144,"http://apps.worldagroforestry.org/sites/default/files/outputs/Muthuri%20et%20al,%202019.%20T4FS-2%20project%20Overview%20and%20Project%20magazine.pdf","Link 1"
142,1,1900-01-01 00:00:00,2200-01-01 00:00:00,145,"https://doi.org/10.1016/j.worlddev.2019.104835","Link 1"
143,1,1900-01-01 00:00:00,2200-01-01 00:00:00,146,"https://www.dropbox.com/s/n2zf9f7b1ukkzz8/regreening%20year%202_AnnualReport_EXTERNAL_EMAIL.pdf?dl=0","Link 1"
144,1,1900-01-01 00:00:00,2200-01-01 00:00:00,147,"http://www.resilientfoodsystems.co/sites/default/files/2020-03/RFS_Annual%20Report_2019.pdf","Link 1"
145,1,1900-01-01 00:00:00,2200-01-01 00:00:00,148,"https://www.dropbox.com/s/gr79maco6iveizh/DryDev%20End%20PRogramme%20report2020123.docx?dl=0","Link 1"
146,1,1900-01-01 00:00:00,2200-01-01 00:00:00,149,"http://www.worldagroforestry.org/blog/2020/03/03/gambia-controlling-wild-fire-offers-nature-based-solution-diminishing-wild-food-and","Link 1"
147,1,1900-01-01 00:00:00,2200-01-01 00:00:00,150,"https://hdl.handle.net/20.500.11766.1/c7534c","Link 1"
148,1,1900-01-01 00:00:00,2200-01-01 00:00:00,151,"https://doi.org/10.1111/1477-9552.12331","Link 2"
149,1,1900-01-01 00:00:00,2200-01-01 00:00:00,152,"https://doi.org/10.1016/j.worlddev.2019.104631","Link 1"
150,1,1900-01-01 00:00:00,2200-01-01 00:00:00,153,"https://mel.cgiar.org/uploads/relatedfiles/A8FaPXaOzIONaANhWoiD8l8CbhO7cl.docx","Link 1"
151,1,1900-01-01 00:00:00,2200-01-01 00:00:00,154,"https://cgspace.cgiar.org/bitstream/handle/10568/105989/TL3%20Impact%20report%20Final%20draft.pdf?sequence=1&isAllowed=y","Link 1"
152,1,1900-01-01 00:00:00,2200-01-01 00:00:00,155,"https://hdl.handle.net/20.500.11766.1/7d03d8","Link 1"
153,1,1900-01-01 00:00:00,2200-01-01 00:00:00,156,"https://doi.org/10.1007/s12571-017-0753-4","Link 2"
154,1,1900-01-01 00:00:00,2200-01-01 00:00:00,157,"https://hdl.handle.net/20.500.11766.1/e21ed7","Link 1"
155,1,1900-01-01 00:00:00,2200-01-01 00:00:00,158,"https://hdl.handle.net/20.500.11766/9784","Link 2"
156,1,1900-01-01 00:00:00,2200-01-01 00:00:00,159,"https://hdl.handle.net/20.500.11766.1/e21ed7","Link 1"
157,1,1900-01-01 00:00:00,2200-01-01 00:00:00,160,"https://hdl.handle.net/20.500.11766/9784","Link 2"
158,1,1900-01-01 00:00:00,2200-01-01 00:00:00,161,"https://hdl.handle.net/20.500.11766.1/c7534c ","Link 1"
159,1,1900-01-01 00:00:00,2200-01-01 00:00:00,162,"https://doi.org/10.1016/j.worlddev.2019.05.027","Link 2"
160,1,1900-01-01 00:00:00,2200-01-01 00:00:00,163,"https://hdl.handle.net/20.500.11766.1/c7534c","Link 1"
161,1,1900-01-01 00:00:00,2200-01-01 00:00:00,164,"https://doi.org/10.1111/1477-9552.12331","Link 2"
162,1,1900-01-01 00:00:00,2200-01-01 00:00:00,165,"https://hdl.handle.net/20.500.11766.1/e21ed7","Link 1"
163,1,1900-01-01 00:00:00,2200-01-01 00:00:00,166,"https://hdl.handle.net/20.500.11766/9784","Link 2"
164,1,1900-01-01 00:00:00,2200-01-01 00:00:00,167,"https://doi.org/10.1016/j.worlddev.2019.104631","Link 1"
165,1,1900-01-01 00:00:00,2200-01-01 00:00:00,168,"https://doi.org/10.1177/0030727018813698","Link 1"
166,1,1900-01-01 00:00:00,2200-01-01 00:00:00,169,"https://hdl.handle.net/20.500.11766.1/7d03d8","Link 1"
167,1,1900-01-01 00:00:00,2200-01-01 00:00:00,170,"https://doi.org/10.1007/s12571-017-0753-4","Link 2"
168,1,1900-01-01 00:00:00,2200-01-01 00:00:00,171,"https://hdl.handle.net/20.500.11766.1/9a68e5","Link 1"
169,1,1900-01-01 00:00:00,2200-01-01 00:00:00,172,"https://hdl.handle.net/20.500.11766/10690","Link 2"
170,1,1900-01-01 00:00:00,2200-01-01 00:00:00,173,"https://www.icarda.org/media/drywire/lentil-biofortification-research-fight-hidden-hunger","Link 3"
171,1,1900-01-01 00:00:00,2200-01-01 00:00:00,174,"https://doi.org/10.1016/j.foodpol.2018.11.004","Link 4"
172,1,1900-01-01 00:00:00,2200-01-01 00:00:00,175,"https://www.icrisat.org/mainstreaming-biofortification-of-pearl-millet-to-tackle-malnutrition/","Link 5"
173,1,1900-01-01 00:00:00,2200-01-01 00:00:00,176,"http://measure.icrisat.org/enumerator/pi2019_survey372_surveydata/68/372","Link 6"
174,1,1900-01-01 00:00:00,2200-01-01 00:00:00,177,"https://doi.org/10.1002/cche.10227","Link 7"
175,1,1900-01-01 00:00:00,2200-01-01 00:00:00,178,"https://academic.oup.com/jn/article-abstract/145/7/1576/4644387","Link 8"
176,1,1900-01-01 00:00:00,2200-01-01 00:00:00,179,"https://doi.org/10.1016/j.wsif.2019.102264","Link 1"
177,1,1900-01-01 00:00:00,2200-01-01 00:00:00,180,"https://doi.org/10.1111/1477-9552.12283","Link 1"
178,1,1900-01-01 00:00:00,2200-01-01 00:00:00,181,"https://doi.org/10.1080/17565529.2017.1372269","Link 1"
179,1,1900-01-01 00:00:00,2200-01-01 00:00:00,182,"https://doi.org/10.1016/j.techsoc.2018.09.011","Link 2"
180,1,1900-01-01 00:00:00,2200-01-01 00:00:00,183,"https://doi.org/10.1016/j.ecolecon.2019.03.023","Link 1"
181,1,1900-01-01 00:00:00,2200-01-01 00:00:00,184,"https://doi.org/10.1080/17565529.2019.1701401","Link 1"
182,1,1900-01-01 00:00:00,2200-01-01 00:00:00,185,"https://doi.org/10.2298/JAS1903303O","Link 2"
183,1,1900-01-01 00:00:00,2200-01-01 00:00:00,186,"https://doi.org/10.1155/2020/5959868","Link 1"
184,1,1900-01-01 00:00:00,2200-01-01 00:00:00,187,"https://doi.org/10.1080/10438599.2019.1669331","Link 1"
185,1,1900-01-01 00:00:00,2200-01-01 00:00:00,188,"https://doi.org/10.1016/j.agsy.2019.04.001","Link 1"
186,1,1900-01-01 00:00:00,2200-01-01 00:00:00,189,"https://doi.org/10.1016/j.landusepol.2019.104091","Link 1"
187,1,1900-01-01 00:00:00,2200-01-01 00:00:00,190,"http://dx.doi.org/10.1108/ijccsm-03-2018-0024","Link 2"
188,1,1900-01-01 00:00:00,2200-01-01 00:00:00,191,"https://doi.org/10.1016/j.landusepol.2020.104524","Link 3"
189,1,1900-01-01 00:00:00,2200-01-01 00:00:00,192,"https://doi.org/10.1111/rode.12561","Link 1"
190,1,1900-01-01 00:00:00,2200-01-01 00:00:00,193,"https://doi.org/10.1016/j.jclepro.2019.01.278","Link 1"
191,1,1900-01-01 00:00:00,2200-01-01 00:00:00,194,"https://doi.org/10.1016/j.agsy.2019.01.004","Link 2"
192,1,1900-01-01 00:00:00,2200-01-01 00:00:00,195,"https://doi.org/10.1111/agec.12520","Link 1"
193,1,1900-01-01 00:00:00,2200-01-01 00:00:00,196,"https://doi.org/10.1016/j.wdp.2019.100149","Link 1"
194,1,1900-01-01 00:00:00,2200-01-01 00:00:00,197,"http://dx.doi.org/10.22004/ag.econ.292467","Link 1"
195,1,1900-01-01 00:00:00,2200-01-01 00:00:00,198,"https://doi.org/10.1016/B978-0-12-814820-4.00015-8","Link 1"
196,1,1900-01-01 00:00:00,2200-01-01 00:00:00,199,"https://doi.org/10.1016/j.still.2018.02.015","Link 1"
197,1,1900-01-01 00:00:00,2200-01-01 00:00:00,200,"https://doi.org/10.1017/S0014479718000297","Link 1"
198,1,1900-01-01 00:00:00,2200-01-01 00:00:00,201,"http://news.irri.org/2019/04/green-super-rice-varieties-are-boosting.html#more","Link 1"
199,1,1900-01-01 00:00:00,2200-01-01 00:00:00,202,"https://link.springer.com/article/10.1007%2Fs00122-019-03516-9","Link 2"
200,1,1900-01-01 00:00:00,2200-01-01 00:00:00,203,"http://corigap.irri.org/","Link 1"
201,1,1900-01-01 00:00:00,2200-01-01 00:00:00,204,"http://www.grisp.net/file_cabinet/files/984822/download/CORIGAP%202019%20Annual%20Progress%20Report.pdf?m=1585653806","Link 2"
202,1,1900-01-01 00:00:00,2200-01-01 00:00:00,205,"https://doi.org/10.1080/1343943X.2019.1667834","Link 1"
203,1,1900-01-01 00:00:00,2200-01-01 00:00:00,206,"https://csisa.org/wp-content/uploads/sites/2/2019/11/Annual-Technical-Report-01Oct18-to-30Sep19-CSISA-III-31Oct19.pdf","Link 1"
204,1,1900-01-01 00:00:00,2200-01-01 00:00:00,207,"http://www.grisp.net/file_cabinet/files/984822/download/CORIGAP%202019%20Annual%20Progress%20Report.pdf?m=1585653806","Link 1"
205,1,1900-01-01 00:00:00,2200-01-01 00:00:00,208,"http://corigap.irri.org/","Link 2"
206,1,1900-01-01 00:00:00,2200-01-01 00:00:00,209,"https://cals.arizona.edu/arec/sites/cals.arizona.edu.arec/files/publications/CRP-201902.pdf","Link 1"
207,1,1900-01-01 00:00:00,2200-01-01 00:00:00,210,"https://ageconsearch.umn.edu/record/295793/files/243.%20Rice%20in%20three%20African%20countries.pdf","Link 1"
208,1,1900-01-01 00:00:00,2200-01-01 00:00:00,211,"https://doi.org/10.1080/1343943X.2019.1667834","Link 2"
209,1,1900-01-01 00:00:00,2200-01-01 00:00:00,212,"https://cals.arizona.edu/arec/sites/cals.arizona.edu.arec/files/publications/CRP-201902.pdf","Link 1"
210,1,1900-01-01 00:00:00,2200-01-01 00:00:00,213,"http://www.grisp.net/file_cabinet/files/984822/download/CORIGAP%202019%20Annual%20Progress%20Report.pdf?m=1585653806","Link 1"
211,1,1900-01-01 00:00:00,2200-01-01 00:00:00,214,"http://corigap.irri.org/","Link 2"
212,1,1900-01-01 00:00:00,2200-01-01 00:00:00,215,"https://ageconsearch.umn.edu/record/295793/files/243.%20Rice%20in%20three%20African%20countries.pdf","Link 1"
213,1,1900-01-01 00:00:00,2200-01-01 00:00:00,216,"https://doi.org/10.1080/1343943X.2019.1667834","Link 1"
214,1,1900-01-01 00:00:00,2200-01-01 00:00:00,217,"http://www.grisp.net/file_cabinet/files/965138/download/2019%20Philippines,%20HB04269,%20Land%20Leveling.pdf?m=1569283926","Link 1"
215,1,1900-01-01 00:00:00,2200-01-01 00:00:00,218,"https://hdl.handle.net/10568/100204","Link 1"
216,1,1900-01-01 00:00:00,2200-01-01 00:00:00,219,"https://doi.org/10.1093/jipm/pmz002","Link 2"
217,1,1900-01-01 00:00:00,2200-01-01 00:00:00,220,"https://hdl.handle.net/20.500.11766.1/3fcd07","Link 1"
218,1,1900-01-01 00:00:00,2200-01-01 00:00:00,221,"https://dx.doi.org/10.3390/su11092610","Link 2"
219,1,1900-01-01 00:00:00,2200-01-01 00:00:00,222,"https://hdl.handle.net/20.500.11766.1/88d5f6 ","Link 1"
220,1,1900-01-01 00:00:00,2200-01-01 00:00:00,223,"https://www.sweetpotatoknowledge.org/files/sweetpotato-for-profit-and-health-initiative-status-of-sweetpotato-in-sub-saharan-africa-september-2019-2/","Link 2"
221,1,1900-01-01 00:00:00,2200-01-01 00:00:00,224,"https://doi.org/10.1016/j.worlddev.2019.06.006","Link 1"
222,1,1900-01-01 00:00:00,2200-01-01 00:00:00,225,"https://doi.org/10.1016/j.fcr.2020.107742","Link 1"
223,1,1900-01-01 00:00:00,2200-01-01 00:00:00,226,"https://doi.org/10.1016/j.fcr.2020.107742","Link 2"
224,1,1900-01-01 00:00:00,2200-01-01 00:00:00,227,"https://doi.org/10.1007/s13593-019-0602-2","Link 1"
225,1,1900-01-01 00:00:00,2200-01-01 00:00:00,228,"https://doi.org/10.1186/s40538-019-0162-3","Link 1"
226,1,1900-01-01 00:00:00,2200-01-01 00:00:00,229,"https://science.sciencemag.org/content/365/6453/536.summary?casa_token=qd3SN9tt3XEAAAAA:t3Br5r0GWYMAFkUqxO-gt1l9qigE0duKwA41CqlJTMAo7xL-BNokrvb23J0SB3jnDABiYuM4thtscw","Link 1"
227,1,1900-01-01 00:00:00,2200-01-01 00:00:00,230,"http://farmech.dac.gov.in/revised/1.1.2019/REPORT%20OF%20THE%20COMMITTEE-FINAL(CORRECTED).pdf","Link 2"
228,1,1900-01-01 00:00:00,2200-01-01 00:00:00,231,"https://www.iari.res.in/files/Latest-News/PressReleaseEnglish_13022020.pdf","Link 3"
229,1,1900-01-01 00:00:00,2200-01-01 00:00:00,232,"https://doi.org/10.1186/s12864-019-6015-4","Link 1"
230,1,1900-01-01 00:00:00,2200-01-01 00:00:00,233,"https://doi.org/10.15302/J-FASE-2019261","Link 1"
231,1,1900-01-01 00:00:00,2200-01-01 00:00:00,234,"https://hdl.handle.net/10568/108052","Link summary 1"
232,1,1900-01-01 00:00:00,2200-01-01 00:00:00,235,"https://cgspace.cgiar.org/bitstream/handle/10568/110396/Investment%20Oriented%20Outcome%20Pathways%20Report.pdf?sequence=5&isAllowed=y","Link evidence 1"
233,1,1900-01-01 00:00:00,2200-01-01 00:00:00,236,"https://hdl.handle.net/10568/111170","Link evidence 2"
234,1,1900-01-01 00:00:00,2200-01-01 00:00:00,237,"https://www.dropbox.com/sh/vbufqjnv9qhqc7e/AADjwWn_VsfoAywFA8oazRh5a?dl=0","Link summary 1"
235,1,1900-01-01 00:00:00,2200-01-01 00:00:00,238,"https://cgspace.cgiar.org/bitstream/handle/10568/67903/05outcomecase.pdf?sequence=3","Link summary 1"
236,1,1900-01-01 00:00:00,2200-01-01 00:00:00,239,"https://cgspace.cgiar.org/handle/10568/110000","Link summary 2"
237,1,1900-01-01 00:00:00,2200-01-01 00:00:00,240,"https://cgiar.sharepoint.com/:b:/s/CCAFS/EeoZU4YljRFBm99DnQt8v_gBf88JOMwEPxoI3w40YAU1wg?e=Cjl5rY","Link summary 1"
238,1,1900-01-01 00:00:00,2200-01-01 00:00:00,241,"https://marlo.cgiar.org/projects/CCAFS/studySummary.do?studyID=3790&cycle=Reporting&year=2020","Link summary 2"
239,1,1900-01-01 00:00:00,2200-01-01 00:00:00,242,"https://cgspace.cgiar.org/bitstream/handle/10568/111211/Philippine%20Outcome%20Study.pdf","Link summary 1"
240,1,1900-01-01 00:00:00,2200-01-01 00:00:00,243,"https://marlo.cgiar.org/projects/CCAFS/studySummary.do?studyID=3787&cycle=Reporting&year=2020","Link summary 1"
241,1,1900-01-01 00:00:00,2200-01-01 00:00:00,244,"https://cgspace.cgiar.org/handle/10568/110983","Link summary 1"
242,1,1900-01-01 00:00:00,2200-01-01 00:00:00,245,"https://cgspace.cgiar.org/handle/10568/110983","Link summary 1"
243,1,1900-01-01 00:00:00,2200-01-01 00:00:00,246,"https://cas.cgiar.org/spia/publications/shining-brighter-light-comprehensive-evidence-adoption-and-diffusion-cgiar","Link evidence 1"
244,1,1900-01-01 00:00:00,2200-01-01 00:00:00,247,"https://onlinelibrary.wiley.com/doi/10.1111/dpr.12515","Link evidence 1"
245,1,1900-01-01 00:00:00,2200-01-01 00:00:00,248,"https://cas.cgiar.org/spia/publications/shining-brighter-light-comprehensive-evidence-adoption-and-diffusion-cgiar","Link evidence 2"
246,1,1900-01-01 00:00:00,2200-01-01 00:00:00,249,"https://ebrary.ifpri.org/digital/collection/p15738coll2/id/134247","Link summary 1"
247,1,1900-01-01 00:00:00,2200-01-01 00:00:00,250,"https://academic.oup.com/cdn/article/4/Supplement_2/798/5844686","Link evidence 1"
248,1,1900-01-01 00:00:00,2200-01-01 00:00:00,251,"https://cgspace.cgiar.org/handle/10568/113398","Link summary 1"
249,1,1900-01-01 00:00:00,2200-01-01 00:00:00,252,"https://cgspace.cgiar.org/handle/10568/113398","Link summary 1"
250,1,1900-01-01 00:00:00,2200-01-01 00:00:00,253,"https://marlo.cgiar.org/projects/WLE/studySummary.do?studyID=3960&cycle=Reporting&year=2020","Link summary 1"
251,1,1900-01-01 00:00:00,2200-01-01 00:00:00,254,"https://cgiar.sharepoint.com/:w:/s/IFPRI/A4NH/EcVKGSZvxQFDhPCA4GZxrKIB0KgOrW2UN41lUJV3zkd6FA?e=nuZ9Oe","Link summary 1"
252,1,1900-01-01 00:00:00,2200-01-01 00:00:00,255,"https://cgiar.sharepoint.com/:w:/s/IFPRI/A4NH/ERgIYz2-ZCxJpA4NdtpQSeIBA4mfELIlSUq5nSXX2dstxQ?e=EFSFeQ","Link summary 2"
253,1,1900-01-01 00:00:00,2200-01-01 00:00:00,256,"https://www.dropbox.com/scl/fi/be1o7dv5m9ckoyuy58dfu/INV-009087_2020_IITA_Progress0-Narrative_revised0704.docx?dl=0&rlkey=a6dnqlncxdak3y7yaw0apculz","Link summary 3"
254,1,1900-01-01 00:00:00,2200-01-01 00:00:00,257,"https://cgiar.sharepoint.com/:w:/s/IFPRI/A4NH/ERgIYz2-ZCxJpA4NdtpQSeIBA4mfELIlSUq5nSXX2dstxQ?e=EFSFeQ","Link summary 1"
255,1,1900-01-01 00:00:00,2200-01-01 00:00:00,258,"https://doi.org/10.3390/su13031142","Link summary 1"
256,1,1900-01-01 00:00:00,2200-01-01 00:00:00,259,"https://www.foreststreesagroforestry.org/wp-content/uploads/2021/02/FTA-ISC16-Item-3-Doc-2-FTA_CH1_5_ISC_Report.pdf","Link summary 1"
257,1,1900-01-01 00:00:00,2200-01-01 00:00:00,260,"https://www.foreststreesagroforestry.org/wp-content/uploads/2021/02/FTA-ISC16-Item-3-Doc-2-FTA_CH1_5_ISC_Report.pdf","Link summary 1"
258,1,1900-01-01 00:00:00,2200-01-01 00:00:00,261,"https://www.foreststreesagroforestry.org/wp-content/uploads/2021/02/FTA-ISC16-Item-3-Doc-2-FTA_CH1_5_ISC_Report.pdf","Link summary 1"
259,1,1900-01-01 00:00:00,2200-01-01 00:00:00,262,"https://www.foreststreesagroforestry.org/wp-content/uploads/2021/02/FTA-ISC16-Item-3-Doc-2-FTA_CH1_5_ISC_Report.pdf","Link summary 1"
260,1,1900-01-01 00:00:00,2200-01-01 00:00:00,263,"https://www.foreststreesagroforestry.org/wp-content/uploads/2021/02/FTA-ISC16-Item-3-Doc-2-FTA_CH1_5_ISC_Report.pdf","Link summary 1"
261,1,1900-01-01 00:00:00,2200-01-01 00:00:00,264,"https://nettsteder.regjeringen.no/nicfi/files/2020/06/Emission-Reduction-Report-for-the-Indonesia-Norway-Partnership_15052019_cetak_FINALVERSION.pdf","Link summary 1"
262,1,1900-01-01 00:00:00,2200-01-01 00:00:00,265,"https://www.foreststreesagroforestry.org/wp-content/uploads/2021/02/FTA-ISC16-Item-3-Doc-2-FTA_CH1_5_ISC_Report.pdf","Link summary 2"
263,1,1900-01-01 00:00:00,2200-01-01 00:00:00,266,"https://foresthints.news/climate-partnership-bearing-fruit-rbp-to-do-list/","Link summary 1"
264,1,1900-01-01 00:00:00,2200-01-01 00:00:00,267,"https://www.foreststreesagroforestry.org/wp-content/uploads/2021/02/FTA-ISC16-Item-3-Doc-2-FTA_CH1_5_ISC_Report.pdf","Link summary 2"
265,1,1900-01-01 00:00:00,2200-01-01 00:00:00,268,"https://www.foreststreesagroforestry.org/wp-content/uploads/2021/02/FTA-ISC16-Item-3-Doc-2-FTA_CH1_5_ISC_Report.pdf","Link summary 1"
266,1,1900-01-01 00:00:00,2200-01-01 00:00:00,269,"https://doi.org/10.3390/su13031142","Link summary 1"
267,1,1900-01-01 00:00:00,2200-01-01 00:00:00,270,"https://doi.org/10.3390/su13031142","Link summary 1"
268,1,1900-01-01 00:00:00,2200-01-01 00:00:00,271,"https://doi.org/10.3390/su13031142","Link summary 1"
269,1,1900-01-01 00:00:00,2200-01-01 00:00:00,272,"https://www.foreststreesagroforestry.org/wp-content/uploads/2021/02/FTA-ISC16-Item-3-Doc-2-FTA_CH1_5_ISC_Report.pdf","Link evidence 2"
270,1,1900-01-01 00:00:00,2200-01-01 00:00:00,273,"https://repository.cimmyt.org/bitstream/handle/10883/20837/61703.pdf?sequence=4&isAllowed=y","Link summary 1"
271,1,1900-01-01 00:00:00,2200-01-01 00:00:00,274,"https://doi.org/10.1038/s41598-020-75181-8","Link summary 1"
272,1,1900-01-01 00:00:00,2200-01-01 00:00:00,275,"https://cas.cgiar.org/sites/default/files/images/Publications/Ethiopia%20Strategic%20Review%20SPIA%202020.pdf","Link summary 2"
273,1,1900-01-01 00:00:00,2200-01-01 00:00:00,276,"https://www.icarda.org/","Link summary 3"
274,1,1900-01-01 00:00:00,2200-01-01 00:00:00,277,"https://doi.org/10.1080/14735903.2020.1794490","Link summary 1"
275,1,1900-01-01 00:00:00,2200-01-01 00:00:00,278,"https://www.tandfonline.com/doi/full/10.1080/14735903.2020.1794490","Link summary 2"
276,1,1900-01-01 00:00:00,2200-01-01 00:00:00,279,"https://doi.org/10.1038/s41598-020-75181-8","Link summary 1"
277,1,1900-01-01 00:00:00,2200-01-01 00:00:00,280,"https://doi.org/10.1111/1477-8947.12197","Link summary 1"
278,1,1900-01-01 00:00:00,2200-01-01 00:00:00,281,"https://doi.org/10.1080/14735903.2020.1794490","Link summary 1"
279,1,1900-01-01 00:00:00,2200-01-01 00:00:00,282,"https://doi.org/10.1016/j.fcr.2020.107757","Link summary 1"
280,1,1900-01-01 00:00:00,2200-01-01 00:00:00,283,"https://repository.cimmyt.org/bitstream/handle/10883/4822/57826.pdf?sequence=4&isAllowed=y","Link summary 2"
281,1,1900-01-01 00:00:00,2200-01-01 00:00:00,284,"https://doi.org/10.1016/j.fcr.2020.107742","Link summary 1"
282,1,1900-01-01 00:00:00,2200-01-01 00:00:00,285,"https://doi.org/10.1016/j.chieco.2018.10.006","Link summary 1"
283,1,1900-01-01 00:00:00,2200-01-01 00:00:00,286,"https://doi.org/10.1038/s41893-020-0500-2","Link summary 1"
284,1,1900-01-01 00:00:00,2200-01-01 00:00:00,287,"https://doi.org/10.1038/s41598-020-79883-x","Link summary 2"
285,1,1900-01-01 00:00:00,2200-01-01 00:00:00,288,"https://repository.cimmyt.org/handle/10883/21292","Link summary 1"
286,1,1900-01-01 00:00:00,2200-01-01 00:00:00,289,"https://doi.org/10.1080/14735903.2020.1823699","Link summary 1"
287,1,1900-01-01 00:00:00,2200-01-01 00:00:00,290,"https://doi.org/10.1016/j.foodpol.2020.101941","Link summary 1"
288,1,1900-01-01 00:00:00,2200-01-01 00:00:00,291,"https://simlesa.cimmyt.org/where-we-work/ethiopia/","Link summary 2"
289,1,1900-01-01 00:00:00,2200-01-01 00:00:00,292,"https://www.cropj.com/zaidi_14_8_2020_1264_1274.pdf","Link summary 1"
290,1,1900-01-01 00:00:00,2200-01-01 00:00:00,293,"https://www.cropj.com/zaidi_14_8_2020_1264_1274.pdf","Link summary 2"
291,1,1900-01-01 00:00:00,2200-01-01 00:00:00,294,"https://www.cimmyt.org/news/stress-resilient-maize-a-big-relief-for-indian-farmers/","Link summary 3"
292,1,1900-01-01 00:00:00,2200-01-01 00:00:00,295,"https://doi.org/10.1016/j.agee.2020.106898","Link summary 1"
293,1,1900-01-01 00:00:00,2200-01-01 00:00:00,296,"https://doi.org/10.1016/j.fcr.2019.107693","Link summary 1"
294,1,1900-01-01 00:00:00,2200-01-01 00:00:00,297,"http://dx.doi.org/10.1136/bmjgh-2020-002705","Link summary 1"
295,1,1900-01-01 00:00:00,2200-01-01 00:00:00,298,"https://cas.cgiar.org/sites/default/files/images/Publications/Ethiopia%20Strategic%20Review%20SPIA%202020.pdf","Link summary 1"
296,1,1900-01-01 00:00:00,2200-01-01 00:00:00,299,"https://www.cgiar.org/news-events/news/new-study-cgiar-innovations-reach-nearly-80-percent-of-ethiopias-rural-households/","Link summary 2"
297,1,1900-01-01 00:00:00,2200-01-01 00:00:00,300,"https://doi.org/10.1111/ajae.12151","Link summary 1"
298,1,1900-01-01 00:00:00,2200-01-01 00:00:00,301,"https://ssrn.com/abstract=3592455","Link summary 1"
299,1,1900-01-01 00:00:00,2200-01-01 00:00:00,361,"https://hdl.handle.net/10568/108052","Link summary 1"
300,1,1900-01-01 00:00:00,2200-01-01 00:00:00,362,"https://hdl.handle.net/10568/108052"">train","Link2 brief 2"
301,1,1900-01-01 00:00:00,2200-01-01 00:00:00,363,"https://cgspace.cgiar.org/bitstream/handle/10568/110396/Investment%20Oriented%20Outcome%20Pathways%20Report.pdf?sequence=5&isAllowed=y","Link evidence 1"
302,1,1900-01-01 00:00:00,2200-01-01 00:00:00,364,"https://hdl.handle.net/10568/111170","Link evidence 2"
303,1,1900-01-01 00:00:00,2200-01-01 00:00:00,365,"https://cgspace.cgiar.org/bitstream/handle/10568/110396/Investment%20Oriented%20Outcome%20Pathways%20Report.pdf?sequence=5&isAllowed=y"">influenced","Link2 evidence 3"
304,1,1900-01-01 00:00:00,2200-01-01 00:00:00,366,"https://hdl.handle.net/10568/111170"">100","Link2 evidence 4"
305,1,1900-01-01 00:00:00,2200-01-01 00:00:00,367,"https://www.dropbox.com/sh/vbufqjnv9qhqc7e/AADjwWn_VsfoAywFA8oazRh5a?dl=0","Link summary 1"
306,1,1900-01-01 00:00:00,2200-01-01 00:00:00,368,"https://www.dropbox.com/sh/vbufqjnv9qhqc7e/AADjwWn_VsfoAywFA8oazRh5a?dl=0"">40%","Link2 brief 2"
307,1,1900-01-01 00:00:00,2200-01-01 00:00:00,369,"www.dropbox.com/sh/vbufqjnv9qhqc7e/AADjwWn_VsfoAywFA8oazRh5a?dl=0"">40%","Link2 brief 3"
308,1,1900-01-01 00:00:00,2200-01-01 00:00:00,370,"https://cgspace.cgiar.org/bitstream/handle/10568/67903/05outcomecase.pdf?sequence=3","Link summary 1"
309,1,1900-01-01 00:00:00,2200-01-01 00:00:00,371,"https://cgspace.cgiar.org/handle/10568/110000","Link summary 2"
310,1,1900-01-01 00:00:00,2200-01-01 00:00:00,372,"https://cgspace.cgiar.org/bitstream/handle/10568/67903/05outcomecase.pdf?sequence=3"">7","Link2 brief 3"
311,1,1900-01-01 00:00:00,2200-01-01 00:00:00,373,"https://cgspace.cgiar.org/handle/10568/110000"">impact","Link2 brief 4"
312,1,1900-01-01 00:00:00,2200-01-01 00:00:00,374,"https://cgiar.sharepoint.com/:b:/s/CCAFS/EeoZU4YljRFBm99DnQt8v_gBf88JOMwEPxoI3w40YAU1wg?e=Cjl5rY","Link summary 1"
313,1,1900-01-01 00:00:00,2200-01-01 00:00:00,375,"https://marlo.cgiar.org/projects/CCAFS/studySummary.do?studyID=3790&cycle=Reporting&year=2020","Link summary 2"
314,1,1900-01-01 00:00:00,2200-01-01 00:00:00,376,"https://cgiar.sharepoint.com/:b:/s/CCAFS/EeoZU4YljRFBm99DnQt8v_gBf88JOMwEPxoI3w40YAU1wg?e=Cjl5rY"">implementing","Link2 brief 3"
315,1,1900-01-01 00:00:00,2200-01-01 00:00:00,377,"https://marlo.cgiar.org/projects/CCAFS/studySummary.do?studyID=3790&cycle=Reporting&year=2020"">800,000","Link2 brief 4"
316,1,1900-01-01 00:00:00,2200-01-01 00:00:00,378,"https://cgspace.cgiar.org/bitstream/handle/10568/111211/Philippine%20Outcome%20Study.pdf","Link summary 1"
317,1,1900-01-01 00:00:00,2200-01-01 00:00:00,379,"https://cgspace.cgiar.org/bitstream/handle/10568/111211/Philippine%20Outcome%20Study.pdf"">Outputs","Link2 brief 2"
318,1,1900-01-01 00:00:00,2200-01-01 00:00:00,380,"https://marlo.cgiar.org/projects/CCAFS/studySummary.do?studyID=3787&cycle=Reporting&year=2020","Link summary 1"
319,1,1900-01-01 00:00:00,2200-01-01 00:00:00,381,"https://marlo.cgiar.org/projects/CCAFS/studySummary.do?studyID=3787&cycle=Reporting&year=2020"">expanded
low-emission","Link2 brief 2"
320,1,1900-01-01 00:00:00,2200-01-01 00:00:00,382,"https://cgspace.cgiar.org/handle/10568/110983","Link summary 1"
321,1,1900-01-01 00:00:00,2200-01-01 00:00:00,383,"https://cgspace.cgiar.org/handle/10568/110983"">CCAFS","Link2 brief 2"
322,1,1900-01-01 00:00:00,2200-01-01 00:00:00,384,"https://cgspace.cgiar.org/handle/10568/110983","Link summary 1"
323,1,1900-01-01 00:00:00,2200-01-01 00:00:00,385,"https://cgspace.cgiar.org/handle/10568/110983"">CCAFS
impact","Link2 brief 2"
324,1,1900-01-01 00:00:00,2200-01-01 00:00:00,386,"https://cas.cgiar.org/spia/publications/shining-brighter-light-comprehensive-evidence-adoption-and-diffusion-cgiar","Link evidence 1"
325,1,1900-01-01 00:00:00,2200-01-01 00:00:00,387,"https://cas.cgiar.org/spia/publications/shining-brighter-light-comprehensive-evidence-adoption-and-diffusion-cgiar"">SPIA
study</a>","Link2 evidence 2"
326,1,1900-01-01 00:00:00,2200-01-01 00:00:00,388,"https://onlinelibrary.wiley.com/doi/10.1111/dpr.12515","Link evidence 1"
327,1,1900-01-01 00:00:00,2200-01-01 00:00:00,389,"https://cas.cgiar.org/spia/publications/shining-brighter-light-comprehensive-evidence-adoption-and-diffusion-cgiar","Link evidence 2"
328,1,1900-01-01 00:00:00,2200-01-01 00:00:00,390,"https://onlinelibrary.wiley.com/doi/10.1111/dpr.12515"">Ethiopia</a>","Link2 evidence 3"
329,1,1900-01-01 00:00:00,2200-01-01 00:00:00,391,"https://cas.cgiar.org/spia/publications/shining-brighter-light-comprehensive-evidence-adoption-and-diffusion-cgiar"">SPIA
study</a>","Link2 evidence 4"
330,1,1900-01-01 00:00:00,2200-01-01 00:00:00,392,"https://ebrary.ifpri.org/digital/collection/p15738coll2/id/134247","Link summary 1"
331,1,1900-01-01 00:00:00,2200-01-01 00:00:00,393,"https://ebrary.ifpri.org/digital/collection/p15738coll2/id/134247"">ex","Link2 brief 2"
332,1,1900-01-01 00:00:00,2200-01-01 00:00:00,394,"https://academic.oup.com/cdn/article/4/Supplement_2/798/5844686","Link evidence 1"
333,1,1900-01-01 00:00:00,2200-01-01 00:00:00,395,"https://academic.oup.com/cdn/article/4/Supplement_2/798/5844686","Link2 evidence 2"
334,1,1900-01-01 00:00:00,2200-01-01 00:00:00,396,"https://cgspace.cgiar.org/handle/10568/113398","Link summary 1"
335,1,1900-01-01 00:00:00,2200-01-01 00:00:00,397,"https://cgspace.cgiar.org/handle/10568/113398"">external","Link2 brief 2"
336,1,1900-01-01 00:00:00,2200-01-01 00:00:00,398,"https://cgspace.cgiar.org/handle/10568/113398","Link summary 1"
337,1,1900-01-01 00:00:00,2200-01-01 00:00:00,399,"https://cgspace.cgiar.org/handle/10568/113398"">evaluation</a>Â estimated","Link2 brief 2"
338,1,1900-01-01 00:00:00,2200-01-01 00:00:00,400,"https://marlo.cgiar.org/projects/WLE/studySummary.do?studyID=3960&cycle=Reporting&year=2020","Link summary 1"
339,1,1900-01-01 00:00:00,2200-01-01 00:00:00,401,"https://marlo.cgiar.org/projects/WLE/studySummary.do?studyID=3960&cycle=Reporting&year=2020"">OICR</a>).","Link2 brief 2"
340,1,1900-01-01 00:00:00,2200-01-01 00:00:00,402,"https://cgiar.sharepoint.com/:w:/s/IFPRI/A4NH/EcVKGSZvxQFDhPCA4GZxrKIB0KgOrW2UN41lUJV3zkd6FA?e=nuZ9Oe","Link summary 1"
341,1,1900-01-01 00:00:00,2200-01-01 00:00:00,403,"https://cgiar.sharepoint.com/:w:/s/IFPRI/A4NH/ERgIYz2-ZCxJpA4NdtpQSeIBA4mfELIlSUq5nSXX2dstxQ?e=EFSFeQ","Link summary 2"
342,1,1900-01-01 00:00:00,2200-01-01 00:00:00,404,"https://www.dropbox.com/scl/fi/be1o7dv5m9ckoyuy58dfu/INV-009087_2020_IITA_Progress0-Narrative_revised0704.docx?dl=0&rlkey=a6dnqlncxdak3y7yaw0apculz","Link summary 3"
343,1,1900-01-01 00:00:00,2200-01-01 00:00:00,405,"https://cgiar.sharepoint.com/:w:/s/IFPRI/A4NH/EcVKGSZvxQFDhPCA4GZxrKIB0KgOrW2UN41lUJV3zkd6FA?e=nuZ9Oe"">the","Link2 brief 4"
344,1,1900-01-01 00:00:00,2200-01-01 00:00:00,406,"https://cgiar.sharepoint.com/:w:/s/IFPRI/A4NH/ERgIYz2-ZCxJpA4NdtpQSeIBA4mfELIlSUq5nSXX2dstxQ?e=EFSFeQ"">Global","Link2 brief 5"
345,1,1900-01-01 00:00:00,2200-01-01 00:00:00,407,"https://www.dropbox.com/scl/fi/be1o7dv5m9ckoyuy58dfu/INV-009087_2020_IITA_Progress0-Narrative_revised0704.docx?dl=0&rlkey=a6dnqlncxdak3y7yaw0apculz"">donor","Link2 brief 6"
346,1,1900-01-01 00:00:00,2200-01-01 00:00:00,408,"www.dropbox.com/scl/fi/be1o7dv5m9ckoyuy58dfu/INV-009087_2020_IITA_Progress0-Narrative_revised0704.docx?dl=0&rlkey=a6dnqlncxdak3y7yaw0apculz"">donor","Link2 brief 7"
347,1,1900-01-01 00:00:00,2200-01-01 00:00:00,409,"https://cgiar.sharepoint.com/:w:/s/IFPRI/A4NH/ERgIYz2-ZCxJpA4NdtpQSeIBA4mfELIlSUq5nSXX2dstxQ?e=EFSFeQ","Link summary 1"
348,1,1900-01-01 00:00:00,2200-01-01 00:00:00,410,"https://cgiar.sharepoint.com/:w:/s/IFPRI/A4NH/ERgIYz2-ZCxJpA4NdtpQSeIBA4mfELIlSUq5nSXX2dstxQ?e=EFSFeQ"">Global","Link2 brief 2"
349,1,1900-01-01 00:00:00,2200-01-01 00:00:00,411,"https://doi.org/10.3390/su13031142","Link summary 1"
350,1,1900-01-01 00:00:00,2200-01-01 00:00:00,412,"https://doi.org/10.3390/su13031142""><strong>https://doi.org/10.3390/su13031142</strong></a></p></td></tr></tbody></table>","Link2 brief 2"
351,1,1900-01-01 00:00:00,2200-01-01 00:00:00,413,"https://doi.org/10.3390/su13031142</strong></a></p></td></tr></tbody></table>","Link2 brief 3"
352,1,1900-01-01 00:00:00,2200-01-01 00:00:00,414,"https://www.foreststreesagroforestry.org/wp-content/uploads/2021/02/FTA-ISC16-Item-3-Doc-2-FTA_CH1_5_ISC_Report.pdf","Link summary 1"
353,1,1900-01-01 00:00:00,2200-01-01 00:00:00,415,"https://www.foreststreesagroforestry.org/wp-content/uploads/2021/02/FTA-ISC16-Item-3-Doc-2-FTA_CH1_5_ISC_Report.pdf"">FTA","Link2 brief 2"
354,1,1900-01-01 00:00:00,2200-01-01 00:00:00,416,"www.foreststreesagroforestry.org/wp-content/uploads/2021/02/FTA-ISC16-Item-3-Doc-2-FTA_CH1_5_ISC_Report.pdf"">FTA","Link2 brief 3"
355,1,1900-01-01 00:00:00,2200-01-01 00:00:00,417,"https://www.foreststreesagroforestry.org/publications/research-publication/?title=central-africa-humid-tropics-transect-sentinel-landscape-cafhut-a-stocktaking-pilot-study&id=11463_18898</p>","Link2 brief 1"
356,1,1900-01-01 00:00:00,2200-01-01 00:00:00,418,"www.foreststreesagroforestry.org/publications/research-publication/?title=central-africa-humid-tropics-transect-sentinel-landscape-cafhut-a-stocktaking-pilot-study&id=11463_18898</p>","Link2 brief 2"
357,1,1900-01-01 00:00:00,2200-01-01 00:00:00,419,"https://www.foreststreesagroforestry.org/wp-content/uploads/2021/02/FTA-ISC16-Item-3-Doc-2-FTA_CH1_5_ISC_Report.pdf","Link summary 1"
358,1,1900-01-01 00:00:00,2200-01-01 00:00:00,420,"https://www.foreststreesagroforestry.org/wp-content/uploads/2021/02/FTA-ISC16-Item-3-Doc-2-FTA_CH1_5_ISC_Report.pdf"">FTA","Link2 brief 2"
359,1,1900-01-01 00:00:00,2200-01-01 00:00:00,421,"www.foreststreesagroforestry.org/wp-content/uploads/2021/02/FTA-ISC16-Item-3-Doc-2-FTA_CH1_5_ISC_Report.pdf"">FTA","Link2 brief 3"
360,1,1900-01-01 00:00:00,2200-01-01 00:00:00,422,"https://www.foreststreesagroforestry.org/wp-content/uploads/2021/02/FTA-ISC16-Item-3-Doc-2-FTA_CH1_5_ISC_Report.pdf","Link summary 1"
361,1,1900-01-01 00:00:00,2200-01-01 00:00:00,423,"https://www.foreststreesagroforestry.org/wp-content/uploads/2021/02/FTA-ISC16-Item-3-Doc-2-FTA_CH1_5_ISC_Report.pdf"">FTA","Link2 brief 2"
362,1,1900-01-01 00:00:00,2200-01-01 00:00:00,424,"www.foreststreesagroforestry.org/wp-content/uploads/2021/02/FTA-ISC16-Item-3-Doc-2-FTA_CH1_5_ISC_Report.pdf"">FTA","Link2 brief 3"
363,1,1900-01-01 00:00:00,2200-01-01 00:00:00,425,"https://www.foreststreesagroforestry.org/wp-content/uploads/2021/02/FTA-ISC16-Item-3-Doc-2-FTA_CH1_5_ISC_Report.pdf","Link summary 1"
364,1,1900-01-01 00:00:00,2200-01-01 00:00:00,426,"https://www.foreststreesagroforestry.org/wp-content/uploads/2021/02/FTA-ISC16-Item-3-Doc-2-FTA_CH1_5_ISC_Report.pdf"">FTA","Link2 brief 2"
365,1,1900-01-01 00:00:00,2200-01-01 00:00:00,427,"www.foreststreesagroforestry.org/wp-content/uploads/2021/02/FTA-ISC16-Item-3-Doc-2-FTA_CH1_5_ISC_Report.pdf"">FTA","Link2 brief 3"
366,1,1900-01-01 00:00:00,2200-01-01 00:00:00,428,"https://www.foreststreesagroforestry.org/wp-content/uploads/2021/02/FTA-ISC16-Item-3-Doc-2-FTA_CH1_5_ISC_Report.pdf","Link summary 1"
367,1,1900-01-01 00:00:00,2200-01-01 00:00:00,429,"https://www.foreststreesagroforestry.org/wp-content/uploads/2021/02/FTA-ISC16-Item-3-Doc-2-FTA_CH1_5_ISC_Report.pdf"">FTA","Link2 brief 2"
368,1,1900-01-01 00:00:00,2200-01-01 00:00:00,430,"www.foreststreesagroforestry.org/wp-content/uploads/2021/02/FTA-ISC16-Item-3-Doc-2-FTA_CH1_5_ISC_Report.pdf"">FTA","Link2 brief 3"
369,1,1900-01-01 00:00:00,2200-01-01 00:00:00,431,"https://nettsteder.regjeringen.no/nicfi/files/2020/06/Emission-Reduction-Report-for-the-Indonesia-Norway-Partnership_15052019_cetak_FINALVERSION.pdf","Link summary 1"
370,1,1900-01-01 00:00:00,2200-01-01 00:00:00,432,"https://www.foreststreesagroforestry.org/wp-content/uploads/2021/02/FTA-ISC16-Item-3-Doc-2-FTA_CH1_5_ISC_Report.pdf","Link summary 2"
371,1,1900-01-01 00:00:00,2200-01-01 00:00:00,433,"https://nettsteder.regjeringen.no/nicfi/files/2020/06/Emission-Reduction-Report-for-the-Indonesia-Norway-Partnership_15052019_cetak_FINALVERSION.pdf"">https://nettsteder.regjeringen.no/nicfi/files/2020/06/Emission-Reduction-Report-for-the-Indonesia-Norway-Partnership_15052019_cetak_FINALVERSION.pdf</a></p><table></table><table></table><table></table><p>","Link2 brief 3"
372,1,1900-01-01 00:00:00,2200-01-01 00:00:00,434,"https://nettsteder.regjeringen.no/nicfi/files/2020/06/Emission-Reduction-Report-for-the-Indonesia-Norway-Partnership_15052019_cetak_FINALVERSION.pdf</a></p><table></table><table></table><table></table><p>","Link2 brief 4"
373,1,1900-01-01 00:00:00,2200-01-01 00:00:00,435,"https://www.foreststreesagroforestry.org/wp-content/uploads/2021/02/FTA-ISC16-Item-3-Doc-2-FTA_CH1_5_ISC_Report.pdf"">FTA","Link2 brief 5"
374,1,1900-01-01 00:00:00,2200-01-01 00:00:00,436,"www.foreststreesagroforestry.org/wp-content/uploads/2021/02/FTA-ISC16-Item-3-Doc-2-FTA_CH1_5_ISC_Report.pdf"">FTA","Link2 brief 6"
375,1,1900-01-01 00:00:00,2200-01-01 00:00:00,437,"https://foresthints.news/climate-partnership-bearing-fruit-rbp-to-do-list/","Link summary 1"
376,1,1900-01-01 00:00:00,2200-01-01 00:00:00,438,"https://www.foreststreesagroforestry.org/wp-content/uploads/2021/02/FTA-ISC16-Item-3-Doc-2-FTA_CH1_5_ISC_Report.pdf","Link summary 2"
377,1,1900-01-01 00:00:00,2200-01-01 00:00:00,439,"https://foresthints.news/climate-partnership-bearing-fruit-rbp-to-do-list/"">https://foresthints.news/climate-partnership-bearing-fruit-rbp-to-do-list/</a></p><p>","Link2 brief 3"
378,1,1900-01-01 00:00:00,2200-01-01 00:00:00,440,"https://foresthints.news/climate-partnership-bearing-fruit-rbp-to-do-list/</a></p><p>","Link2 brief 4"
379,1,1900-01-01 00:00:00,2200-01-01 00:00:00,441,"https://www.foreststreesagroforestry.org/wp-content/uploads/2021/02/FTA-ISC16-Item-3-Doc-2-FTA_CH1_5_ISC_Report.pdf"">FTA","Link2 brief 5"
380,1,1900-01-01 00:00:00,2200-01-01 00:00:00,442,"www.foreststreesagroforestry.org/wp-content/uploads/2021/02/FTA-ISC16-Item-3-Doc-2-FTA_CH1_5_ISC_Report.pdf"">FTA","Link2 brief 6"
381,1,1900-01-01 00:00:00,2200-01-01 00:00:00,443,"https://www.foreststreesagroforestry.org/wp-content/uploads/2021/02/FTA-ISC16-Item-3-Doc-2-FTA_CH1_5_ISC_Report.pdf","Link summary 1"
382,1,1900-01-01 00:00:00,2200-01-01 00:00:00,444,"https://www.foreststreesagroforestry.org/wp-content/uploads/2021/02/FTA-ISC16-Item-3-Doc-2-FTA_CH1_5_ISC_Report.pdf"">FTA","Link2 brief 2"
383,1,1900-01-01 00:00:00,2200-01-01 00:00:00,445,"www.foreststreesagroforestry.org/wp-content/uploads/2021/02/FTA-ISC16-Item-3-Doc-2-FTA_CH1_5_ISC_Report.pdf"">FTA","Link2 brief 3"
384,1,1900-01-01 00:00:00,2200-01-01 00:00:00,446,"https://doi.org/10.3390/su13031142","Link summary 1"
385,1,1900-01-01 00:00:00,2200-01-01 00:00:00,447,"https://doi.org/10.3390/su13031142""><strong>https://doi.org/10.3390/su13031142</strong></a></p>","Link2 brief 2"
386,1,1900-01-01 00:00:00,2200-01-01 00:00:00,448,"https://doi.org/10.3390/su13031142</strong></a></p>","Link2 brief 3"
387,1,1900-01-01 00:00:00,2200-01-01 00:00:00,449,"https://doi.org/10.3390/su13031142","Link summary 1"
388,1,1900-01-01 00:00:00,2200-01-01 00:00:00,450,"https://doi.org/10.3390/su13031142"">https://doi.org/10.3390/su13031142</a></p>","Link2 brief 2"
389,1,1900-01-01 00:00:00,2200-01-01 00:00:00,451,"https://doi.org/10.3390/su13031142</a></p>","Link2 brief 3"
390,1,1900-01-01 00:00:00,2200-01-01 00:00:00,452,"https://doi.org/10.3390/su13031142","Link summary 1"
391,1,1900-01-01 00:00:00,2200-01-01 00:00:00,453,"https://www.foreststreesagroforestry.org/wp-content/uploads/2021/02/FTA-ISC16-Item-3-Doc-2-FTA_CH1_5_ISC_Report.pdf","Link evidence 2"
392,1,1900-01-01 00:00:00,2200-01-01 00:00:00,454,"https://doi.org/10.3390/su13031142"">https://doi.org/10.3390/su13031142</a></p>","Link2 brief 3"
393,1,1900-01-01 00:00:00,2200-01-01 00:00:00,455,"https://doi.org/10.3390/su13031142</a></p>","Link2 brief 4"
394,1,1900-01-01 00:00:00,2200-01-01 00:00:00,456,"https://www.foreststreesagroforestry.org/wp-content/uploads/2021/02/FTA-ISC16-Item-3-Doc-2-FTA_CH1_5_ISC_Report.pdf"">FTA","Link2 evidence 5"
395,1,1900-01-01 00:00:00,2200-01-01 00:00:00,457,"www.foreststreesagroforestry.org/wp-content/uploads/2021/02/FTA-ISC16-Item-3-Doc-2-FTA_CH1_5_ISC_Report.pdf"">FTA","Link2 evidence 6"
396,1,1900-01-01 00:00:00,2200-01-01 00:00:00,458,"https://repository.cimmyt.org/bitstream/handle/10883/20837/61703.pdf?sequence=4&isAllowed=y","Link summary 1"
397,1,1900-01-01 00:00:00,2200-01-01 00:00:00,459,"https://repository.cimmyt.org/bitstream/handle/10883/20837/61703.pdf?sequence=4&isAllowed=y"">Lessons","Link2 brief 2"
398,1,1900-01-01 00:00:00,2200-01-01 00:00:00,460,"https://doi.org/10.1038/s41598-020-75181-8","Link summary 1"
399,1,1900-01-01 00:00:00,2200-01-01 00:00:00,461,"https://cas.cgiar.org/sites/default/files/images/Publications/Ethiopia%20Strategic%20Review%20SPIA%202020.pdf","Link summary 2"
400,1,1900-01-01 00:00:00,2200-01-01 00:00:00,462,"https://www.icarda.org/","Link summary 3"
401,1,1900-01-01 00:00:00,2200-01-01 00:00:00,463,"https://doi.org/10.1038/s41598-020-75181-8"">DNA-based","Link2 brief 4"
402,1,1900-01-01 00:00:00,2200-01-01 00:00:00,464,"https://cas.cgiar.org/sites/default/files/images/Publications/Ethiopia%20Strategic%20Review%20SPIA%202020.pdf"">2020","Link2 brief 5"
403,1,1900-01-01 00:00:00,2200-01-01 00:00:00,465,"https://www.icarda.org/"">ICARDA</a>","Link2 brief 6"
404,1,1900-01-01 00:00:00,2200-01-01 00:00:00,466,"www.icarda.org/"">ICARDA</a>","Link2 brief 7"
405,1,1900-01-01 00:00:00,2200-01-01 00:00:00,467,"https://doi.org/10.1080/14735903.2020.1794490","Link summary 1"
406,1,1900-01-01 00:00:00,2200-01-01 00:00:00,468,"https://www.tandfonline.com/doi/full/10.1080/14735903.2020.1794490","Link summary 2"
407,1,1900-01-01 00:00:00,2200-01-01 00:00:00,469,"https://doi.org/10.1080/14735903.2020.1794490"">is","Link2 brief 3"
408,1,1900-01-01 00:00:00,2200-01-01 00:00:00,470,"https://www.tandfonline.com/doi/full/10.1080/14735903.2020.1794490"">led","Link2 brief 4"
409,1,1900-01-01 00:00:00,2200-01-01 00:00:00,471,"www.tandfonline.com/doi/full/10.1080/14735903.2020.1794490"">led","Link2 brief 5"
410,1,1900-01-01 00:00:00,2200-01-01 00:00:00,472,"https://doi.org/10.1038/s41598-020-75181-8","Link summary 1"
411,1,1900-01-01 00:00:00,2200-01-01 00:00:00,473,"https://doi.org/10.1038/s41598-020-75181-8"">DNA-based","Link2 brief 2"
412,1,1900-01-01 00:00:00,2200-01-01 00:00:00,474,"https://doi.org/10.1111/1477-8947.12197","Link summary 1"
413,1,1900-01-01 00:00:00,2200-01-01 00:00:00,475,"https://doi.org/10.1111/1477-8947.12197"">Assessment","Link2 brief 2"
414,1,1900-01-01 00:00:00,2200-01-01 00:00:00,476,"https://doi.org/10.1080/14735903.2020.1794490","Link summary 1"
415,1,1900-01-01 00:00:00,2200-01-01 00:00:00,477,"https://doi.org/10.1080/14735903.2020.1794490"">Prevailing","Link2 brief 2"
416,1,1900-01-01 00:00:00,2200-01-01 00:00:00,478,"https://doi.org/10.1016/j.fcr.2020.107757","Link summary 1"
417,1,1900-01-01 00:00:00,2200-01-01 00:00:00,479,"https://repository.cimmyt.org/bitstream/handle/10883/4822/57826.pdf?sequence=4&isAllowed=y","Link summary 2"
418,1,1900-01-01 00:00:00,2200-01-01 00:00:00,480,"https://doi.org/10.1016/j.fcr.2020.107757"">Grain","Link2 brief 3"
419,1,1900-01-01 00:00:00,2200-01-01 00:00:00,481,"https://repository.cimmyt.org/bitstream/handle/10883/4822/57826.pdf?sequence=4&isAllowed=y"">between","Link2 brief 4"
420,1,1900-01-01 00:00:00,2200-01-01 00:00:00,482,"https://doi.org/10.1016/j.fcr.2020.107742","Link summary 1"
421,1,1900-01-01 00:00:00,2200-01-01 00:00:00,483,"https://doi.org/10.1016/j.fcr.2020.107742"">study","Link2 brief 2"
422,1,1900-01-01 00:00:00,2200-01-01 00:00:00,484,"https://doi.org/10.1016/j.chieco.2018.10.006","Link summary 1"
423,1,1900-01-01 00:00:00,2200-01-01 00:00:00,485,"https://doi.org/10.1016/j.chieco.2018.10.006"">exotic","Link2 brief 2"
424,1,1900-01-01 00:00:00,2200-01-01 00:00:00,486,"https://doi.org/10.1038/s41893-020-0500-2","Link summary 1"
425,1,1900-01-01 00:00:00,2200-01-01 00:00:00,487,"https://doi.org/10.1038/s41598-020-79883-x","Link summary 2"
426,1,1900-01-01 00:00:00,2200-01-01 00:00:00,488,"https://doi.org/10.1038/s41893-020-0500-2"">12-33%","Link2 brief 3"
427,1,1900-01-01 00:00:00,2200-01-01 00:00:00,489,"https://doi.org/10.1038/s41598-020-79883-x"">lowered","Link2 brief 4"
428,1,1900-01-01 00:00:00,2200-01-01 00:00:00,490,"https://repository.cimmyt.org/handle/10883/21292","Link summary 1"
429,1,1900-01-01 00:00:00,2200-01-01 00:00:00,491,"https://repository.cimmyt.org/handle/10883/21292"">Impacts","Link2 brief 2"
430,1,1900-01-01 00:00:00,2200-01-01 00:00:00,492,"https://doi.org/10.1080/14735903.2020.1823699","Link summary 1"
431,1,1900-01-01 00:00:00,2200-01-01 00:00:00,493,"https://doi.org/10.1080/14735903.2020.1823699"">Drought-tolerant","Link2 brief 2"
432,1,1900-01-01 00:00:00,2200-01-01 00:00:00,494,"https://doi.org/10.1016/j.foodpol.2020.101941","Link summary 1"
433,1,1900-01-01 00:00:00,2200-01-01 00:00:00,495,"https://simlesa.cimmyt.org/where-we-work/ethiopia/","Link summary 2"
434,1,1900-01-01 00:00:00,2200-01-01 00:00:00,496,"https://doi.org/10.1016/j.foodpol.2020.101941"">Ex","Link2 brief 3"
435,1,1900-01-01 00:00:00,2200-01-01 00:00:00,497,"https://simlesa.cimmyt.org/where-we-work/ethiopia/"">128,000","Link2 brief 4"
436,1,1900-01-01 00:00:00,2200-01-01 00:00:00,498,"https://www.cropj.com/zaidi_14_8_2020_1264_1274.pdf","Link summary 1"
437,1,1900-01-01 00:00:00,2200-01-01 00:00:00,499,"https://www.cropj.com/zaidi_14_8_2020_1264_1274.pdf","Link summary 2"
438,1,1900-01-01 00:00:00,2200-01-01 00:00:00,500,"https://www.cimmyt.org/news/stress-resilient-maize-a-big-relief-for-indian-farmers/","Link summary 3"
439,1,1900-01-01 00:00:00,2200-01-01 00:00:00,501,"https://www.cropj.com/zaidi_14_8_2020_1264_1274.pdf"">(Ex","Link2 brief 4"
440,1,1900-01-01 00:00:00,2200-01-01 00:00:00,502,"www.cropj.com/zaidi_14_8_2020_1264_1274.pdf"">(Ex","Link2 brief 5"
441,1,1900-01-01 00:00:00,2200-01-01 00:00:00,503,"https://www.cropj.com/zaidi_14_8_2020_1264_1274.pdf"">regional","Link2 brief 6"
442,1,1900-01-01 00:00:00,2200-01-01 00:00:00,504,"www.cropj.com/zaidi_14_8_2020_1264_1274.pdf"">regional","Link2 brief 7"
443,1,1900-01-01 00:00:00,2200-01-01 00:00:00,505,"https://www.cimmyt.org/news/stress-resilient-maize-a-big-relief-for-indian-farmers/"">16","Link2 brief 8"
444,1,1900-01-01 00:00:00,2200-01-01 00:00:00,506,"www.cimmyt.org/news/stress-resilient-maize-a-big-relief-for-indian-farmers/"">16","Link2 brief 9"
445,1,1900-01-01 00:00:00,2200-01-01 00:00:00,507,"https://doi.org/10.1016/j.agee.2020.106898","Link summary 1"
446,1,1900-01-01 00:00:00,2200-01-01 00:00:00,508,"https://doi.org/10.1016/j.agee.2020.106898"">Synthesis","Link2 brief 2"
447,1,1900-01-01 00:00:00,2200-01-01 00:00:00,509,"https://doi.org/10.1016/j.fcr.2019.107693","Link summary 1"
448,1,1900-01-01 00:00:00,2200-01-01 00:00:00,510,"https://doi.org/10.1016/j.fcr.2019.107693"">study","Link2 brief 2"
449,1,1900-01-01 00:00:00,2200-01-01 00:00:00,511,"http://dx.doi.org/10.1136/bmjgh-2020-002705","Link summary 1"
450,1,1900-01-01 00:00:00,2200-01-01 00:00:00,512,"http://dx.doi.org/10.1136/bmjgh-2020-002705"">Scientists","Link2 brief 2"
451,1,1900-01-01 00:00:00,2200-01-01 00:00:00,513,"https://cas.cgiar.org/sites/default/files/images/Publications/Ethiopia%20Strategic%20Review%20SPIA%202020.pdf","Link summary 1"
452,1,1900-01-01 00:00:00,2200-01-01 00:00:00,514,"https://www.cgiar.org/news-events/news/new-study-cgiar-innovations-reach-nearly-80-percent-of-ethiopias-rural-households/","Link summary 2"
453,1,1900-01-01 00:00:00,2200-01-01 00:00:00,515,"https://cas.cgiar.org/sites/default/files/images/Publications/Ethiopia%20Strategic%20Review%20SPIA%202020.pdf"">SPIA","Link2 brief 3"
454,1,1900-01-01 00:00:00,2200-01-01 00:00:00,516,"https://www.cgiar.org/news-events/news/new-study-cgiar-innovations-reach-nearly-80-percent-of-ethiopias-rural-households/"">A","Link2 brief 4"
455,1,1900-01-01 00:00:00,2200-01-01 00:00:00,517,"www.cgiar.org/news-events/news/new-study-cgiar-innovations-reach-nearly-80-percent-of-ethiopias-rural-households/"">A","Link2 brief 5"
456,1,1900-01-01 00:00:00,2200-01-01 00:00:00,518,"https://economics.arizona.edu/dissemination-and-adoption-bundle","Link2 brief 1"
457,1,1900-01-01 00:00:00,2200-01-01 00:00:00,519,"https://www.africarice.org/riceadvice</span></p>","Link2 brief 1"
458,1,1900-01-01 00:00:00,2200-01-01 00:00:00,520,"www.africarice.org/riceadvice</span></p>","Link2 brief 2"
459,1,1900-01-01 00:00:00,2200-01-01 00:00:00,521,"http://www.kinki-ecotech.jp/download/sawahtech/SawahTech(5Paper)25Sep18.pdf</p>","Link2 brief 1"
460,1,1900-01-01 00:00:00,2200-01-01 00:00:00,522,"www.kinki-ecotech.jp/download/sawahtech/SawahTech(5Paper)25Sep18.pdf</p>","Link2 brief 2"
461,1,1900-01-01 00:00:00,2200-01-01 00:00:00,523,"https://papers.ssrn.com/sol3/papers.cfm?abstract_id=3592455</p>","Link2 brief 1"
462,1,1900-01-01 00:00:00,2200-01-01 00:00:00,524,"https://doi.org/10.1111/ajae.12151","Link summary 1"
463,1,1900-01-01 00:00:00,2200-01-01 00:00:00,525,"https://doi.org/10.1111/ajae.12151"">https://doi.org/10.1111/ajae.12151</a>)</p>","Link2 brief 2"
464,1,1900-01-01 00:00:00,2200-01-01 00:00:00,526,"https://doi.org/10.1111/ajae.12151</a>)</p>","Link2 brief 3"
465,1,1900-01-01 00:00:00,2200-01-01 00:00:00,527,"https://ssrn.com/abstract=3592455","Link summary 1"
466,1,1900-01-01 00:00:00,2200-01-01 00:00:00,528,"https://ssrn.com/abstract=3592455"">https://ssrn.com/abstract=3592455</a>)</p>","Link2 brief 2"
467,1,1900-01-01 00:00:00,2200-01-01 00:00:00,529,"https://ssrn.com/abstract=3592455</a>)</p>","Link2 brief 3"
468,1,1900-01-01 00:00:00,2200-01-01 00:00:00,530,"https://doi.org/10.1016/j.fcr.2020.107977</font></p><br>","Link2 brief 1"
469,1,1900-01-01 00:00:00,2200-01-01 00:00:00,531,"https://hdl.handle.net/10568/113202","Link2 brief 1"
470,1,1900-01-01 00:00:00,2200-01-01 00:00:00,532,"https://doi.org/10.1007/s12571-020-01037-8","Link2 brief 1"
471,1,1900-01-01 00:00:00,2200-01-01 00:00:00,533,"https://hdl.handle.net/10568/113078","Link2 brief 1"
472,1,1900-01-01 00:00:00,2200-01-01 00:00:00,534,"https://hdl.handle.net/20.500.12348/4700
MELOICR446","Link2 brief 1"
473,1,1900-01-01 00:00:00,2200-01-01 00:00:00,535,"https://hdl.handle.net/20.500.11766.1/8cbb00
Case","Link2 brief 2"
474,1,1900-01-01 00:00:00,2200-01-01 00:00:00,536,"https://hdl.handle.net/20.500.12348/4552
Feed","Link2 brief 3"
475,1,1900-01-01 00:00:00,2200-01-01 00:00:00,537,"https://hdl.handle.net/20.500.12348/4700
MELOICR448","Link2 brief 4"
476,1,1900-01-01 00:00:00,2200-01-01 00:00:00,538,"https://hdl.handle.net/20.500.11766.1/ef01f8
Case","Link2 brief 5"
477,1,1900-01-01 00:00:00,2200-01-01 00:00:00,539,"https://hdl.handle.net/20.500.12348/4651
Technologies","Link2 brief 1"
478,1,1900-01-01 00:00:00,2200-01-01 00:00:00,540,"https://hdl.handle.net/20.500.12348/4704

Technologies","Link2 brief 2"
479,1,1900-01-01 00:00:00,2200-01-01 00:00:00,541,"https://hdl.handle.net/20.500.12348/4651","Link2 brief 3"
480,1,1900-01-01 00:00:00,2200-01-01 00:00:00,542,"https://hdl.handle.net/20.500.12348/4709
Feed","Link2 brief 1"
481,1,1900-01-01 00:00:00,2200-01-01 00:00:00,543,"https://hdl.handle.net/20.500.12348/4708
Feed","Link2 brief 2"
482,1,1900-01-01 00:00:00,2200-01-01 00:00:00,544,"https://hdl.handle.net/20.500.12348/4129
MELOICR451https://hdl.handle.net/20.500.11766.1/e0c7fc","Link2 brief 3"
483,1,1900-01-01 00:00:00,2200-01-01 00:00:00,545,"https://hdl.handle.net/20.500.11766.1/e0c7fc","Link2 brief 4"
484,1,1900-01-01 00:00:00,2200-01-01 00:00:00,546,"https://hdl.handle.net/20.500.12348/4129","Link2 brief 5"
485,1,1900-01-01 00:00:00,2200-01-01 00:00:00,547,"https://hdl.handle.net/20.500.12348/4656
Fish","Link2 brief 1"
486,1,1900-01-01 00:00:00,2200-01-01 00:00:00,548,"https://hdl.handle.net/20.500.12348/4688
MELOICR442","Link2 brief 2"
487,1,1900-01-01 00:00:00,2200-01-01 00:00:00,549,"https://hdl.handle.net/20.500.11766.1/11aa31
Case","Link2 brief 3"
488,1,1900-01-01 00:00:00,2200-01-01 00:00:00,550,"https://hdl.handle.net/20.500.12348/4622
Improving","Link2 brief 4"
489,1,1900-01-01 00:00:00,2200-01-01 00:00:00,551,"https://hdl.handle.net/20.500.12348/4172
F&ARD.","Link2 brief 1"
490,1,1900-01-01 00:00:00,2200-01-01 00:00:00,552,"https://hdl.handle.net/20.500.12348/4716
F&ARD.","Link2 brief 2"
491,1,1900-01-01 00:00:00,2200-01-01 00:00:00,553,"https://hdl.handle.net/20.500.12348/4686
MELOICR440","Link2 brief 3"
492,1,1900-01-01 00:00:00,2200-01-01 00:00:00,554,"https://hdl.handle.net/20.500.11766.1/0476aa
Case","Link2 brief 4"
493,1,1900-01-01 00:00:00,2200-01-01 00:00:00,555,"https://hdl.handle.net/20.500.12348/4388
Scaling","Link2 brief 5"
494,1,1900-01-01 00:00:00,2200-01-01 00:00:00,556,"https://hdl.handle.net/20.500.12348/4699
The","Link2 brief 1"
495,1,1900-01-01 00:00:00,2200-01-01 00:00:00,557,"https://hdl.handle.net/20.500.12348/4694
MELOICR447","Link2 brief 2"
496,1,1900-01-01 00:00:00,2200-01-01 00:00:00,558,"https://hdl.handle.net/20.500.11766.1/53bedf

The","Link2 brief 3"
497,1,1900-01-01 00:00:00,2200-01-01 00:00:00,559,"https://hdl.handle.net/20.500.12348/4694","Link2 brief 4"
498,1,1900-01-01 00:00:00,2200-01-01 00:00:00,560,"https://hdl.handle.net/20.500.12348/4172
Fisheries","Link2 brief 1"
499,1,1900-01-01 00:00:00,2200-01-01 00:00:00,561,"https://hdl.handle.net/20.500.12348/4716
Fisheries","Link2 brief 2"
500,1,1900-01-01 00:00:00,2200-01-01 00:00:00,562,"https://hdl.handle.net/20.500.12348/4686
MELOICR440","Link2 brief 3"
501,1,1900-01-01 00:00:00,2200-01-01 00:00:00,563,"https://hdl.handle.net/20.500.11766.1/0476aa
Case","Link2 brief 4"
502,1,1900-01-01 00:00:00,2200-01-01 00:00:00,564,"https://doi.org/10.7910/DVN/IYLQ22
Evaluating","Link2 brief 1"
503,1,1900-01-01 00:00:00,2200-01-01 00:00:00,565,"https://hdl.handle.net/20.500.12348/4506
Case","Link2 brief 2"
504,1,1900-01-01 00:00:00,2200-01-01 00:00:00,566,"https://hdl.handle.net/20.500.12348/4700
MELOICR446","Link2 brief 3"
505,1,1900-01-01 00:00:00,2200-01-01 00:00:00,567,"https://hdl.handle.net/20.500.11766.1/8cbb00
Case","Link2 brief 4"
506,1,1900-01-01 00:00:00,2200-01-01 00:00:00,568,"https://hdl.handle.net/20.500.12348/4162
MELOICR449","Link2 brief 5"
507,1,1900-01-01 00:00:00,2200-01-01 00:00:00,569,"https://hdl.handle.net/20.500.11766.1/ace152
Case","Link2 brief 6"
508,1,1900-01-01 00:00:00,2200-01-01 00:00:00,570,"https://hdl.handle.net/20.500.12348/4699
The","Link2 brief 1"
509,1,1900-01-01 00:00:00,2200-01-01 00:00:00,571,"https://hdl.handle.net/20.500.12348/4694
MELOICR447","Link2 brief 2"
510,1,1900-01-01 00:00:00,2200-01-01 00:00:00,572,"https://hdl.handle.net/20.500.11766.1/53bedf

The","Link2 brief 3"
511,1,1900-01-01 00:00:00,2200-01-01 00:00:00,573,"https://hdl.handle.net/20.500.12348/4694","Link2 brief 4"
512,1,1900-01-01 00:00:00,2200-01-01 00:00:00,574,"https://hdl.handle.net/20.500.12348/4655
Fisheries","Link2 brief 1"
513,1,1900-01-01 00:00:00,2200-01-01 00:00:00,575,"https://hdl.handle.net/20.500.12348/4692
PeskAAS:","Link2 brief 2"
514,1,1900-01-01 00:00:00,2200-01-01 00:00:00,576,"https://hdl.handle.net/20.500.12348/4317
MELOICR452","Link2 brief 3"
515,1,1900-01-01 00:00:00,2200-01-01 00:00:00,577,"https://hdl.handle.net/20.500.11766.1/60c1ef","Link2 brief 4"
516,1,1900-01-01 00:00:00,2200-01-01 00:00:00,578,"https://hdl.handle.net/20.500.12348/4552
Feed","Link2 brief 1"
517,1,1900-01-01 00:00:00,2200-01-01 00:00:00,579,"https://hdl.handle.net/20.500.12348/4700
MELOICR448","Link2 brief 2"
518,1,1900-01-01 00:00:00,2200-01-01 00:00:00,580,"https://hdl.handle.net/20.500.11766.1/ef01f8
Case","Link2 brief 3"
519,1,1900-01-01 00:00:00,2200-01-01 00:00:00,581,"https://hdl.handle.net/20.500.12348/4546
Enhanced","Link2 brief 4"
520,1,1900-01-01 00:00:00,2200-01-01 00:00:00,582,"https://hdl.handle.net/20.500.12348/4716
Fisheries","Link2 brief 1"
521,1,1900-01-01 00:00:00,2200-01-01 00:00:00,583,"https://hdl.handle.net/20.500.12348/4686
MELOICR440","Link2 brief 2"
522,1,1900-01-01 00:00:00,2200-01-01 00:00:00,584,"https://hdl.handle.net/20.500.11766.1/0476aa
Case","Link2 brief 3"
523,1,1900-01-01 00:00:00,2200-01-01 00:00:00,585,"https://hdl.handle.net/20.500.12348/4388","Link2 brief 4"
524,1,1900-01-01 00:00:00,2200-01-01 00:00:00,586,"https://hdl.handle.net/20.500.12348/4172
Fisheries","Link2 brief 1"
525,1,1900-01-01 00:00:00,2200-01-01 00:00:00,587,"https://hdl.handle.net/20.500.12348/4716
Fisheries","Link2 brief 2"
526,1,1900-01-01 00:00:00,2200-01-01 00:00:00,588,"https://hdl.handle.net/20.500.12348/4686
MELOICR440","Link2 brief 3"
527,1,1900-01-01 00:00:00,2200-01-01 00:00:00,589,"https://hdl.handle.net/20.500.11766.1/0476aa
P.J.G.","Link2 brief 4"
528,1,1900-01-01 00:00:00,2200-01-01 00:00:00,590,"https://hdl.handle.net/20.500.12348/715

Fisheries","Link2 brief 5"
529,1,1900-01-01 00:00:00,2200-01-01 00:00:00,591,"https://hdl.handle.net/20.500.12348/4552
Feed","Link2 brief 1"
530,1,1900-01-01 00:00:00,2200-01-01 00:00:00,592,"https://hdl.handle.net/20.500.12348/4700
MELOICR448","Link2 brief 2"
531,1,1900-01-01 00:00:00,2200-01-01 00:00:00,593,"https://hdl.handle.net/20.500.11766.1/ef01f8
Case","Link2 brief 3"
532,1,1900-01-01 00:00:00,2200-01-01 00:00:00,594,"https://doi.org/10.7910/DVN/IYLQ22
Evaluating","Link2 brief 4"
533,1,1900-01-01 00:00:00,2200-01-01 00:00:00,595,"https://hdl.handle.net/20.500.12348/4172
Fisheries","Link2 brief 1"
534,1,1900-01-01 00:00:00,2200-01-01 00:00:00,596,"https://hdl.handle.net/20.500.12348/4716
Fisheries","Link2 brief 2"
535,1,1900-01-01 00:00:00,2200-01-01 00:00:00,597,"https://hdl.handle.net/20.500.12348/4686
MELOICR440","Link2 brief 3"
536,1,1900-01-01 00:00:00,2200-01-01 00:00:00,598,"https://hdl.handle.net/20.500.11766.1/0476aa


Fisheries","Link2 brief 4"
537,1,1900-01-01 00:00:00,2200-01-01 00:00:00,599,"https://hdl.handle.net/20.500.12348/4552
Feed","Link2 brief 1"
538,1,1900-01-01 00:00:00,2200-01-01 00:00:00,600,"https://hdl.handle.net/20.500.12348/4700
MELOICR448","Link2 brief 2"
539,1,1900-01-01 00:00:00,2200-01-01 00:00:00,601,"https://hdl.handle.net/20.500.11766.1/ef01f8
Case","Link2 brief 3"
540,1,1900-01-01 00:00:00,2200-01-01 00:00:00,602,"https://hdl.handle.net/20.500.12348/4172
Fisheries","Link2 brief 1"
541,1,1900-01-01 00:00:00,2200-01-01 00:00:00,603,"https://hdl.handle.net/20.500.12348/4716
Fisheries","Link2 brief 2"
542,1,1900-01-01 00:00:00,2200-01-01 00:00:00,604,"https://hdl.handle.net/20.500.12348/4686
MELOICR440","Link2 brief 3"
543,1,1900-01-01 00:00:00,2200-01-01 00:00:00,605,"https://hdl.handle.net/20.500.11766.1/0476aa
Case","Link2 brief 4"
544,1,1900-01-01 00:00:00,2200-01-01 00:00:00,606,"https://hdl.handle.net/20.500.12348/4709
Feed","Link2 brief 1"
545,1,1900-01-01 00:00:00,2200-01-01 00:00:00,607,"https://hdl.handle.net/20.500.12348/4708
Feed","Link2 brief 2"
546,1,1900-01-01 00:00:00,2200-01-01 00:00:00,608,"https://hdl.handle.net/20.500.12348/4129
MELOICR451","Link2 brief 3"
547,1,1900-01-01 00:00:00,2200-01-01 00:00:00,609,"https://hdl.handle.net/20.500.11766.1/e0c7fc

eed","Link2 brief 4"
548,1,1900-01-01 00:00:00,2200-01-01 00:00:00,610,"https://hdl.handle.net/20.500.12348/4129","Link2 brief 5"
549,1,1900-01-01 00:00:00,2200-01-01 00:00:00,611,"https://hdl.handle.net/20.500.12348/4700
MELOICR446","Link2 brief 1"
550,1,1900-01-01 00:00:00,2200-01-01 00:00:00,612,"https://hdl.handle.net/20.500.11766.1/8cbb00
Case","Link2 brief 2"
551,1,1900-01-01 00:00:00,2200-01-01 00:00:00,613,"https://hdl.handle.net/20.500.12348/4552
Feed","Link2 brief 3"
552,1,1900-01-01 00:00:00,2200-01-01 00:00:00,614,"https://hdl.handle.net/20.500.12348/4700
MELOICR448","Link2 brief 4"
553,1,1900-01-01 00:00:00,2200-01-01 00:00:00,615,"https://hdl.handle.net/20.500.11766.1/ef01f8
Case","Link2 brief 5"
554,1,1900-01-01 00:00:00,2200-01-01 00:00:00,616,"https://doi.org/10.7910/DVN/IYLQ22
-","Link2 brief 1"
555,1,1900-01-01 00:00:00,2200-01-01 00:00:00,617,"https://hdl.handle.net/20.500.12348/4506
Case","Link2 brief 2"
556,1,1900-01-01 00:00:00,2200-01-01 00:00:00,618,"https://hdl.handle.net/20.500.12348/4700
-","Link2 brief 3"
557,1,1900-01-01 00:00:00,2200-01-01 00:00:00,619,"https://hdl.handle.net/20.500.11766.1/8cbb00
Case","Link2 brief 4"
558,1,1900-01-01 00:00:00,2200-01-01 00:00:00,620,"https://hdl.handle.net/20.500.12348/4552
Feed","Link2 brief 5"
559,1,1900-01-01 00:00:00,2200-01-01 00:00:00,621,"https://hdl.handle.net/20.500.11766/12871","Link2 evidence 1"
560,1,1900-01-01 00:00:00,2200-01-01 00:00:00,622,"https://hdl.handle.net/20.500.11766/12867","Link2 evidence 1"
561,1,1900-01-01 00:00:00,2200-01-01 00:00:00,623,"https://hdl.handle.net/20.500.11766/12868","Link2 evidence 1"
562,1,1900-01-01 00:00:00,2200-01-01 00:00:00,624,"https://hdl.handle.net/20.500.11766/12869","Link2 evidence 1"
563,1,1900-01-01 00:00:00,2200-01-01 00:00:00,625,"https://doi.org/10.1007/s12571-017-0753-4;","Link2 evidence 1"
564,1,1900-01-01 00:00:00,2200-01-01 00:00:00,626,"https://bit.ly/3epa4Qo;","Link2 evidence 2"
565,1,1900-01-01 00:00:00,2200-01-01 00:00:00,627,"https://hdl.handle.net/10568/109122;","Link2 evidence 3"
566,1,1900-01-01 00:00:00,2200-01-01 00:00:00,628,"https://hdl.handle.net/10568/109119","Link2 evidence 4"
567,1,1900-01-01 00:00:00,2200-01-01 00:00:00,629,"https://hdl.handle.net/10568/108591;","Link2 evidence 1"
568,1,1900-01-01 00:00:00,2200-01-01 00:00:00,630,"https://hdl.handle.net/10568/108591","Link2 evidence 2"
569,1,1900-01-01 00:00:00,2200-01-01 00:00:00,631,"https://hdl.handle.net/10568/113037;","Link2 evidence 1"
570,1,1900-01-01 00:00:00,2200-01-01 00:00:00,632,"https://hdl.handle.net/10568/109120","Link2 evidence 2"
571,1,1900-01-01 00:00:00,2200-01-01 00:00:00,633,"https://hdl.handle.net/20.500.11766/12869","Link2 evidence 1"
572,1,1900-01-01 00:00:00,2200-01-01 00:00:00,634,"https://hdl.handle.net/20.500.11766/12867","Link2 evidence 1"
573,1,1900-01-01 00:00:00,2200-01-01 00:00:00,635,"https://hdl.handle.net/20.500.11766/12868","Link2 evidence 1"
574,1,1900-01-01 00:00:00,2200-01-01 00:00:00,636,"https://hdl.handle.net/10568/108591","Link2 evidence 1"
575,1,1900-01-01 00:00:00,2200-01-01 00:00:00,637,"https://hdl.handle.net/20.500.11766/12868","Link2 evidence 1"
576,1,1900-01-01 00:00:00,2200-01-01 00:00:00,638,"https://hdl.handle.net/10568/113037","Link2 evidence 1"
577,1,1900-01-01 00:00:00,2200-01-01 00:00:00,872,"https://papers.ssrn.com/sol3/papers.cfm?abstract_id=3592455","Aditional link"
578,1,1900-01-01 00:00:00,2200-01-01 00:00:00,873,"http://books.irri.org/Odisha-Annual-Report-2019-2020.pdf","Aditional link"
579,1,1900-01-01 00:00:00,2200-01-01 00:00:00,874,"https://hdl.handle.net/20.500.11766/12","Aditional link"
